Pass1
Pass2
      1                        F000    GPU_CMD     EQU $F000
      2                        F005    GPU_DX      EQU $F005
      3                        F007    GPU_DY      EQU $F007
      4                        F008    GPU_X_MSB   EQU $F008
      5                        F009    GPU_X_LSB   EQU $F009
      6                        F00A    GPU_Y_MSB   EQU $F00A
      7                        F00B    GPU_Y_LSB   EQU $F00B
      8                        F010    GPU_COLOR   EQU $F010
      9
     10                        0030    MAZE_NB_LINES   EQU 48
     11                        5800    PLAYER_POS  EQU $5800
     12                        5802    ENEMY_POS   EQU $5802
     13                        5804    MISSILE_POS1   EQU $5804
     14                        5806    MISSILE_POS2   EQU $5806
     15                        5808    MISSILE_POS3   EQU $5808
     16                        580A    MISSILE_POS4   EQU $580A
     17                        580C    MISSILE_POS5   EQU $580C
     18
     19        0000                        ORG $0000
     20                        F0          SETDP $F0
     21
     22  2     0000    86 F0               LDA #$F0
     23  8     0002    1E 8B               EXG A,DP
     24
     25        0004                    WAIT_VIDEO_CHIP
     26  4     0004    96 00               LDA GPU_CMD
     27  2     0006    84 04               ANDA #4
     28  3     0008    27 FA               BEQ WAIT_VIDEO_CHIP
     29
     30  6     000A    0F 10               CLR GPU_COLOR
     31
     32        000C                    WAIT_VIDEO_CHIP2
     33  4     000C    96 00               LDA GPU_CMD
     34  2     000E    84 04               ANDA #4
     35  3     0010    27 FA               BEQ WAIT_VIDEO_CHIP2
     36
     37                                ****************************
     38                                * INIT
     39                                ****************************
     40  4     0012  108E 0000             LDY #0
     41  7     0016  10BF 5800             STY PLAYER_POS
     42                                *    LDY #MAZE_NB_LINES
     43  7     001A  10BF 5802             STY ENEMY_POS
     44  4     001E  108E 0032             LDY #50
     45  7     0022  10BF 5804             STY MISSILE_POS1
     46  4     0026  108E 00A0             LDY #160
     47  7     002A  10BF 5806             STY MISSILE_POS2
     48  4     002E  108E 012C             LDY #300
     49  7     0032  10BF 5808             STY MISSILE_POS3
     50  4     0036  108E 01EA             LDY #490
     51  7     003A  10BF 580A             STY MISSILE_POS4
     52  4     003E  108E 02C6             LDY #710
     53  7     0042  10BF 580C             STY MISSILE_POS5
     54
     55                                ****************************
     56                                * MAIN LOOP
     57                                ****************************
     58        0046                    MAIN_LOOP
     59  8     0046    BD 021D             JSR VBLANK
     60  8     0049    BD 020F             JSR CLEAR_SCREEN
     61
     62  3     004C    8E 0030             LDX #MAZE_NB_LINES
     63        004F                    LINE_LOOP
     64  4+1   004F    30 1F               LEAX -1,X
     65  8     0051    BD 022A             JSR DRAW_LINE
     66  4     0054    8C 0000             CMPX #0
     67  3     0057    26 F6               BNE LINE_LOOP
     68                                ****************** DRAW ENEMY
     69  7     0059  10BE 5802             LDY ENEMY_POS           * Draw enemy
     70  8     005D    BD 0253             JSR DRAW_ENEMY_LINE
     71  4+1   0060    31 21               LEAY 1,Y
     72  8     0062    BD 0253             JSR DRAW_ENEMY_LINE
     73  5     0065  108C 063F             CMPY #1599                * If enemy ptr is 73
     74  3     0069    27 08               BEQ RESET_ENEMY
     75  4+1   006B    31 21               LEAY 1,Y
     76  7     006D  10BF 5802             STY ENEMY_POS
     77  3     0071    20 08               BRA DRAW_MISSILE
     78        0073                    RESET_ENEMY
     79  4     0073  108E 0000             LDY #0
     80  7     0077  10BF 5802             STY ENEMY_POS
     81
     82        007B                    DRAW_MISSILE
     83                                ****************** DRAW MISSILE
     84  7     007B  10BE 5804             LDY MISSILE_POS1           * Draw enemy
     85  8     007F    BD 027A             JSR DRAW_MISSILE_LINE
     86  4+1   0082    31 21               LEAY 1,Y
     87  8     0084    BD 027A             JSR DRAW_MISSILE_LINE
     88  5     0087  108C 063F             CMPY #1599                * If enemy ptr is 73
     89  3     008B    27 08               BEQ RESET_MISSILE1
     90  4+1   008D    31 21               LEAY 1,Y
     91  7     008F  10BF 5804             STY MISSILE_POS1
     92  3     0093    20 08               BRA DRAW_MISSILE2
     93        0095                    RESET_MISSILE1
     94  4     0095  108E 0000             LDY #0
     95  7     0099  10BF 5804             STY MISSILE_POS1
     96
     97        009D                    DRAW_MISSILE2
     98  7     009D  10BE 5806             LDY MISSILE_POS2           * Draw enemy
     99  8     00A1    BD 027A             JSR DRAW_MISSILE_LINE
    100  4+1   00A4    31 21               LEAY 1,Y
    101  8     00A6    BD 027A             JSR DRAW_MISSILE_LINE
    102  5     00A9  108C 063F             CMPY #1599                * If enemy ptr is 73
    103  3     00AD    27 08               BEQ RESET_MISSILE2
    104  4+1   00AF    31 21               LEAY 1,Y
    105  7     00B1  10BF 5806             STY MISSILE_POS2
    106  3     00B5    20 08               BRA DRAW_MISSILE3
    107        00B7                    RESET_MISSILE2
    108  4     00B7  108E 0000             LDY #0
    109  7     00BB  10BF 5806             STY MISSILE_POS2
    110
    111        00BF                    DRAW_MISSILE3
    112  7     00BF  10BE 5808             LDY MISSILE_POS3           * Draw enemy
    113  8     00C3    BD 027A             JSR DRAW_MISSILE_LINE
    114  4+1   00C6    31 21               LEAY 1,Y
    115  8     00C8    BD 027A             JSR DRAW_MISSILE_LINE
    116  5     00CB  108C 063F             CMPY #1599                * If enemy ptr is 73
    117  3     00CF    27 08               BEQ RESET_MISSILE3
    118  4+1   00D1    31 21               LEAY 1,Y
    119  7     00D3  10BF 5808             STY MISSILE_POS3
    120  3     00D7    20 08               BRA DRAW_MISSILE4
    121        00D9                    RESET_MISSILE3
    122  4     00D9  108E 0000             LDY #0
    123  7     00DD  10BF 5808             STY MISSILE_POS3
    124
    125        00E1                    DRAW_MISSILE4
    126  7     00E1  10BE 580A             LDY MISSILE_POS4           * Draw enemy
    127  8     00E5    BD 027A             JSR DRAW_MISSILE_LINE
    128  4+1   00E8    31 21               LEAY 1,Y
    129  8     00EA    BD 027A             JSR DRAW_MISSILE_LINE
    130  5     00ED  108C 063F             CMPY #1599                * If enemy ptr is 73
    131  3     00F1    27 08               BEQ RESET_MISSILE4
    132  4+1   00F3    31 21               LEAY 1,Y
    133  7     00F5  10BF 580A             STY MISSILE_POS4
    134  3     00F9    20 08               BRA DRAW_MISSILE5
    135        00FB                    RESET_MISSILE4
    136  4     00FB  108E 0000             LDY #0
    137  7     00FF  10BF 580A             STY MISSILE_POS4
    138
    139        0103                    DRAW_MISSILE5
    140  7     0103  10BE 580C             LDY MISSILE_POS5           * Draw enemy
    141  8     0107    BD 027A             JSR DRAW_MISSILE_LINE
    142  4+1   010A    31 21               LEAY 1,Y
    143  8     010C    BD 027A             JSR DRAW_MISSILE_LINE
    144  5     010F  108C 063F             CMPY #1599                * If enemy ptr is 73
    145  3     0113    27 08               BEQ RESET_MISSILE5
    146  4+1   0115    31 21               LEAY 1,Y
    147  7     0117  10BF 580C             STY MISSILE_POS5
    148  3     011B    20 08               BRA CHECK_KEYBOARD
    149        011D                    RESET_MISSILE5
    150  4     011D  108E 0000             LDY #0
    151  7     0121  10BF 580C             STY MISSILE_POS5
    152
    153                                ****************************
    154
    155        0125                    CHECK_KEYBOARD
    156  4     0125    96 46               LDA $F046
    157  2     0127    81 FF               CMPA #$FF
    158  6     0129  1027 FF19             LBEQ MAIN_LOOP
    159  7     012D  10BE 5800             LDY PLAYER_POS
    160
    161  2     0131    81 FE               CMPA #$FE
    162  6     0133  1027 00D0             LBEQ KEYBOARD_UP
    163  2     0137    81 7F               CMPA #$7F
    164  6     0139  1027 00CD             LBEQ KEYBOARD_DOWN
    165  2     013D    81 DF               CMPA #$DF
    166  6     013F  1027 0067             LBEQ KEYBOARD_LEFT
    167  2     0143    81 BF               CMPA #$BF
    168  6     0145  1027 0003             LBEQ KEYBOARD_RIGHT
    169  4     0149    7E 0046             JMP MAIN_LOOP
    170
    171                                ****************************
    172                                * END OF MAIN LOOP
    173                                ****************************
    174
    175        014C                    KEYBOARD_RIGHT
    176  5     014C  108C 002D             CMPY #45
    177  3     0150    27 31               BEQ RIGHT_RESET
    178  2     0152    86 06               LDA #6
    179  4+4   0154    A7 A9 0391          STA LINE_COLOR,Y
    180  4+4   0158    A7 A9 0392          STA LINE_COLOR+1,Y
    181  4+4   015C    A7 A9 0393          STA LINE_COLOR+2,Y
    182  2     0160    86 01               LDA #1
    183  4+4   0162    A7 A9 0395          STA LINE_COLOR+4,Y
    184  4+4   0166    A7 A9 0396          STA LINE_COLOR+5,Y
    185  5     016A  108C 002A             CMPY #42
    186  3     016E    27 06               BEQ KEYBOARD_RIGHT_DRAW_FIRST_VECTOR
    187  4+4   0170    A7 A9 0397          STA LINE_COLOR+6,Y
    188  3     0174    20 04               BRA MOVE_PLAYER_RIGHT
    189        0176                    KEYBOARD_RIGHT_DRAW_FIRST_VECTOR
    190  4+4   0176    A7 A9 0367          STA LINE_COLOR-42,Y
    191        017A                    MOVE_PLAYER_RIGHT
    192  4+1   017A    31 23               LEAY 3,Y
    193  7     017C  10BF 5800             STY PLAYER_POS
    194  4     0180    7E 0046             JMP MAIN_LOOP
    195        0183                    RIGHT_RESET
    196  2     0183    86 06               LDA #6
    197  4+4   0185    A7 A9 0391          STA LINE_COLOR,Y
    198  4+4   0189    A7 A9 0392          STA LINE_COLOR+1,Y
    199  4+4   018D    A7 A9 0393          STA LINE_COLOR+2,Y
    200  4     0191  108E 0000             LDY #0
    201  7     0195  10BF 5800             STY PLAYER_POS
    202  2     0199    86 01               LDA #1
    203  4+4   019B    A7 A9 0392          STA LINE_COLOR+1,Y
    204  4+4   019F    A7 A9 0393          STA LINE_COLOR+2,Y
    205  4+4   01A3    A7 A9 0394          STA LINE_COLOR+3,Y
    206  4     01A7    7E 0046             JMP MAIN_LOOP
    207
    208        01AA                    KEYBOARD_LEFT
    209  5     01AA  108C 0000             CMPY #0
    210  3     01AE    27 30               BEQ LEFT_RESET
    211  2     01B0    86 06               LDA #6
    212  4+4   01B2    A7 A9 0392          STA LINE_COLOR+1,Y
    213  4+4   01B6    A7 A9 0393          STA LINE_COLOR+2,Y
    214  5     01BA  108C 002D             CMPY #45
    215  3     01BE    27 06               BEQ KEYBOARD_LEFT_ERASE_FIRST_VECTOR
    216  4+4   01C0    A7 A9 0394          STA LINE_COLOR+3,Y
    217  3     01C4    20 03               BRA MOVE_PLAYER_LEFT
    218        01C6                    KEYBOARD_LEFT_ERASE_FIRST_VECTOR
    219  5     01C6    B7 0391             STA LINE_COLOR
    220        01C9                    MOVE_PLAYER_LEFT
    221  2     01C9    86 01               LDA #1
    222  4+4   01CB    A7 A9 0390          STA LINE_COLOR-1,Y
    223  4+4   01CF    A7 A9 038F          STA LINE_COLOR-2,Y
    224  4+4   01D3    A7 A9 038E          STA LINE_COLOR-3,Y
    225  4+1   01D7    31 3D               LEAY -3,Y
    226  7     01D9  10BF 5800             STY PLAYER_POS
    227  4     01DD    7E 0046             JMP MAIN_LOOP
    228        01E0                    LEFT_RESET
    229  2     01E0    86 06               LDA #6
    230  4+4   01E2    A7 A9 0392          STA LINE_COLOR+1,Y
    231  4+4   01E6    A7 A9 0393          STA LINE_COLOR+2,Y
    232  4+4   01EA    A7 A9 0394          STA LINE_COLOR+3,Y
    233  4     01EE  108E 002D             LDY #45
    234  7     01F2  10BF 5800             STY PLAYER_POS
    235  2     01F6    86 01               LDA #1
    236  4+4   01F8    A7 A9 0391          STA LINE_COLOR,Y
    237  4+4   01FC    A7 A9 0392          STA LINE_COLOR+1,Y
    238  4+4   0200    A7 A9 0393          STA LINE_COLOR+2,Y
    239  4     0204    7E 0046             JMP MAIN_LOOP
    240
    241        0207                    KEYBOARD_UP
    242  4     0207    7E 0046             JMP MAIN_LOOP
    243        020A                    KEYBOARD_DOWN
    244  4     020A    7E 0046             JMP MAIN_LOOP
    245
    246        020D                    END_PRG
    247  3     020D    20 FE               BRA END_PRG
    248
    249                                ********************************************************************************
    250
    251        020F                    CLEAR_SCREEN
    252        020F                    WAIT_VIDEO_CHIP_CS                  * WAIT_EF9365_READY();
    253  4     020F    96 00               LDA GPU_CMD
    254  2     0211    84 04               ANDA #4
    255  3     0213    27 FA               BEQ WAIT_VIDEO_CHIP_CS
    256
    257  2     0215    C6 04               LDB #$4
    258  3     0217    8E F000             LDX #GPU_CMD
    259  4+0   021A    E7 84           	STB ,X
    260  5     021C    39                  RTS
    261
    262                                ********************************************************************************
    263
    264        021D                    VBLANK
    265        021D                    WAIT_FOR_VSYNC
    266  4     021D    96 00               LDA GPU_CMD
    267  2     021F    84 02               ANDA #$02
    268  3     0221    27 FA               BEQ WAIT_FOR_VSYNC
    269        0223                    WAIT_FOR_VBLANK
    270  4     0223    96 00               LDA GPU_CMD
    271  2     0225    84 02               ANDA #$02
    272  3     0227    26 FA               BNE WAIT_FOR_VBLANK
    273  5     0229    39                  RTS
    274
    275                                ********************************************************************************
    276
    277        022A                    DRAW_LINE
    278        022A                    WAIT_VIDEO_CHIP_DL                  * WAIT_EF9365_READY();
    279                                *    LDA GPU_CMD
    280                                *    ANDA #4
    281                                *    BEQ WAIT_VIDEO_CHIP_DL
    282
    283  4+4   022A    A6 89 02A1          LDA LINE_X1,X
    284  4     022E    97 09               STA GPU_X_LSB   * X = X_START
    285  6     0230    0F 08               CLR GPU_X_MSB   * ? = 0
    286  6     0232    0F 0A               CLR GPU_Y_MSB   * ? = 0
    287  4+4   0234    A6 89 02D1          LDA LINE_Y1,X
    288  4     0238    97 0B               STA GPU_Y_LSB   * Y = B
    289  4+4   023A    A6 89 0301          LDA LINE_DX,X
    290  4     023E    97 05               STA GPU_DX   * dX
    291  4+4   0240    A6 89 0391          LDA LINE_COLOR,X
    292  4     0244    97 10               STA GPU_COLOR   * color
    293  4+4   0246    A6 89 0331          LDA LINE_DY,X
    294  4     024A    97 07               STA GPU_DY   * dY
    295  4+4   024C    A6 89 0361          LDA LINE_CMD,X
    296  4     0250    97 00               STA GPU_CMD   * CMD = draw_line
    297  5     0252    39                  RTS
    298
    299                                ********************************************************************************
    300
    301        0253                    DRAW_ENEMY_LINE
    302                                *WAIT_VIDEO_CHIP_DEL                  * WAIT_EF9365_READY();
    303                                *    LDA GPU_CMD
    304                                *    ANDA #4
    305                                *    BEQ WAIT_VIDEO_CHIP_DEL
    306
    307  4+4   0253    A6 A9 03C1          LDA LINE_ENEMY_X1,Y
    308  4     0257    97 09               STA GPU_X_LSB   * X = X_START
    309  6     0259    0F 08               CLR GPU_X_MSB   * ? = 0
    310  6     025B    0F 0A               CLR GPU_Y_MSB   * ? = 0
    311  4+4   025D    A6 A9 0A01          LDA LINE_ENEMY_Y1,Y
    312  4     0261    97 0B               STA GPU_Y_LSB   * Y = B
    313  4+4   0263    A6 A9 1041          LDA LINE_ENEMY_DX,Y
    314  4     0267    97 05               STA GPU_DX   * dX
    315  2     0269    86 03               LDA #3
    316  4     026B    97 10               STA GPU_COLOR   * color
    317  4+4   026D    A6 A9 1681          LDA LINE_ENEMY_DY,Y
    318  4     0271    97 07               STA GPU_DY   * dY
    319  4+4   0273    A6 A9 1CC1          LDA LINE_ENEMY_CMD,Y
    320  4     0277    97 00               STA GPU_CMD   * CMD = draw_line
    321  5     0279    39                  RTS
    322
    323                                ********************************************************************************
    324
    325        027A                    DRAW_MISSILE_LINE
    326                                *WAIT_VIDEO_CHIP_DEL                  * WAIT_EF9365_READY();
    327                                *    LDA GPU_CMD
    328                                *    ANDA #4
    329                                *    BEQ WAIT_VIDEO_CHIP_DEL
    330
    331  4+4   027A    A6 A9 2301          LDA LINE_MISSILE_X1,Y
    332  4     027E    97 09               STA GPU_X_LSB   * X = X_START
    333  6     0280    0F 08               CLR GPU_X_MSB   * ? = 0
    334  6     0282    0F 0A               CLR GPU_Y_MSB   * ? = 0
    335  4+4   0284    A6 A9 2941          LDA LINE_MISSILE_Y1,Y
    336  4     0288    97 0B               STA GPU_Y_LSB   * Y = B
    337  4+4   028A    A6 A9 2F81          LDA LINE_MISSILE_DX,Y
    338  4     028E    97 05               STA GPU_DX   * dX
    339  2     0290    86 05               LDA #5
    340  4     0292    97 10               STA GPU_COLOR   * color
    341  4+4   0294    A6 A9 35C1          LDA LINE_MISSILE_DY,Y
    342  4     0298    97 07               STA GPU_DY   * dY
    343  4+4   029A    A6 A9 3C01          LDA LINE_MISSILE_CMD,Y
    344  4     029E    97 00               STA GPU_CMD   * CMD = draw_line
    345  5     02A0    39                  RTS
    346
    347                                ********************************************************************************
    348

               ----------------------------------------------------------------
    349                                    INCLUD "temps_pourri/temps_pourri_vectors.asm"
      1        02A1                    LINE_X1
      2        02A1   71 28 71 7D          FCB $71,$28,$71,$7d,$5a,$7d,$7d,$5a,$7d,$89,$85,$89,$95,$ad,$95,$95,$ad,$95,$a1,$dc,$a1,$a1,$dc,$a1,$a1,$dc,$a1,$95,$ad,$95,$95,$ad,$95,$88,$85,$88,$7c,$59,$7c,$7c
               02A5   5A 7D 7D 5A
               02A9   7D 89 85 89
               02AD   95 AD 95 95
               02B1   AD 95 A1 DC
               02B5   A1 A1 DC A1
               02B9   A1 DC A1 95
               02BD   AD 95 95 AD
               02C1   95 88 85 88
               02C5   7C 59 7C 7C
      3        02C9   7C 59 71 71          FCB $7c,$59,$71,$71,$28,$71,$28,$71
               02CD   28 71 28 71
      4        02D1                    LINE_Y1
      5        02D1   80 4A 80 80          FCB $80,$4a,$80,$80,$4a,$80,$75,$25,$75,$75,$25,$75,$75,$25,$75,$82,$4c,$82,$82,$4c,$82,$8c,$79,$8c,$97,$a7,$97,$97,$a7,$97,$a6,$d1,$a6,$a6,$d1,$a6,$a6,$d1,$a6,$96
               02D5   4A 80 75 25
               02D9   75 75 25 75
               02DD   75 25 75 82
               02E1   4C 82 82 4C
               02E5   82 8C 79 8C
               02E9   97 A7 97 97
               02ED   A7 97 A6 D1
               02F1   A6 A6 D1 A6
               02F5   A6 D1 A6 96
      6        02F9   96 A7 96 96          FCB $96,$a7,$96,$96,$a7,$8b,$82,$8b
               02FD   A7 8B 82 8B
      7        0301                    LINE_DX
      8        0301   49 32 0C 23          FCB $49,$32,$c,$23,$0,$0,$23,$2c,$c,$4,$28,$c,$18,$0,$0,$18,$2f,$c,$3b,$0,$0,$3b,$0,$0,$3b,$30,$c,$18,$0,$0,$18,$28,$d,$3,$2c,$c,$23,$0,$0,$23
               0305   00 00 23 2C
               0309   0C 04 28 0C
               030D   18 00 00 18
               0311   2F 0C 3B 00
               0315   00 3B 00 00
               0319   3B 30 0C 18
               031D   00 00 18 28
               0321   0D 03 2C 0C
               0325   23 00 00 23
      9        0329   0B 31 49 00          FCB $b,$31,$49,$0,$0,$49,$0,$0
               032D   00 49 00 00
     10        0331                    LINE_DY
     11        0331   36 00 00 36          FCB $36,$0,$0,$36,$25,$b,$50,$0,$0,$50,$0,$0,$50,$28,$d,$36,$0,$0,$36,$2e,$a,$13,$2e,$b,$10,$0,$0,$10,$2a,$f,$2b,$0,$0,$2b,$0,$0,$2b,$2a,$10,$11
               0335   25 0B 50 00
               0339   00 50 00 00
               033D   50 28 0D 36
               0341   00 00 36 2E
               0345   0A 13 2E 0B
               0349   10 00 00 10
               034D   2A 0F 2B 00
               0351   00 2B 00 00
               0355   2B 2A 10 11
     12        0359   00 00 11 0B          FCB $0,$0,$11,$b,$25,$9,$38,$b
               035D   25 09 38 0B
     13        0361                    LINE_CMD
     14        0361   17 11 11 17          FCB $17,$11,$11,$17,$15,$15,$17,$11,$11,$17,$11,$11,$15,$11,$11,$15,$11,$11,$15,$11,$11,$15,$11,$11,$11,$13,$13,$11,$11,$11,$11,$13,$13,$13,$13,$13,$13,$15,$15,$13
               0365   15 15 17 11
               0369   11 17 11 11
               036D   15 11 11 15
               0371   11 11 15 11
               0375   11 15 11 11
               0379   11 13 13 11
               037D   11 11 11 13
               0381   13 13 13 13
               0385   13 15 15 13
     15        0389   13 13 13 15          FCB $13,$13,$13,$15,$15,$17,$15,$15
               038D   15 17 15 15
     16        0391                    LINE_COLOR
     17        0391   01 01 01 01          FCB $1,$1,$1,$1,$6,$6,$6,$6,$6,$6,$6,$6,$6,$6,$6,$6,$6,$6,$6,$6,$6,$6,$6,$6,$6,$6,$6,$6,$6,$6,$6,$6,$6,$6,$6,$6,$6,$6,$6,$6
               0395   06 06 06 06
               0399   06 06 06 06
               039D   06 06 06 06
               03A1   06 06 06 06
               03A5   06 06 06 06
               03A9   06 06 06 06
               03AD   06 06 06 06
               03B1   06 06 06 06
               03B5   06 06 06 06
     18        03B9   06 06 06 06          FCB $6,$6,$6,$6,$6,$6,$6,$6
               03BD   06 06 06 06
     19        03C1                    LINE_ENEMY_X1
     20        03C1   71 7D 70 7C          FCB $71,$7d,$70,$7c,$6e,$7c,$6d,$7b,$6c,$7b,$6b,$7a,$69,$79,$68,$79,$67,$78,$66,$78,$64,$77,$63,$76,$62,$76,$61,$75,$5f,$75,$5e,$74,$5d,$73,$5c,$73,$5a,$72,$59,$72
               03C5   6E 7C 6D 7B
               03C9   6C 7B 6B 7A
               03CD   69 79 68 79
               03D1   67 78 66 78
               03D5   64 77 63 76
               03D9   62 76 61 75
               03DD   5F 75 5E 74
               03E1   5D 73 5C 73
               03E5   5A 72 59 72
     21        03E9   58 71 57 70          FCB $58,$71,$57,$70,$55,$70,$54,$6f,$53,$6f,$52,$6e,$50,$6d,$4f,$6d,$4e,$6c,$4c,$6c,$4b,$6b,$4a,$6a,$49,$6a,$47,$69,$46,$68,$45,$68,$44,$67,$42,$67,$41,$66,$40,$65
               03ED   55 70 54 6F
               03F1   53 6F 52 6E
               03F5   50 6D 4F 6D
               03F9   4E 6C 4C 6C
               03FD   4B 6B 4A 6A
               0401   49 6A 47 69
               0405   46 68 45 68
               0409   44 67 42 67
               040D   41 66 40 65
     22        0411   3F 65 3D 64          FCB $3f,$65,$3d,$64,$3c,$64,$3b,$63,$3a,$62,$38,$62,$37,$61,$36,$61,$35,$60,$33,$5f,$7d,$7d,$7c,$7c,$7c,$7c,$7b,$7b,$7b,$7b,$7a,$7a,$79,$79,$79,$79,$78,$78,$78,$78
               0415   3C 64 3B 63
               0419   3A 62 38 62
               041D   37 61 36 61
               0421   35 60 33 5F
               0425   7D 7D 7C 7C
               0429   7C 7C 7B 7B
               042D   7B 7B 7A 7A
               0431   79 79 79 79
               0435   78 78 78 78
     23        0439   77 77 76 76          FCB $77,$77,$76,$76,$76,$76,$75,$75,$75,$75,$74,$74,$73,$73,$73,$73,$72,$72,$72,$72,$71,$71,$70,$70,$70,$70,$6f,$6f,$6f,$6f,$6e,$6e,$6d,$6d,$6d,$6d,$6c,$6c,$6c,$6c
               043D   76 76 75 75
               0441   75 75 74 74
               0445   73 73 73 73
               0449   72 72 72 72
               044D   71 71 70 70
               0451   70 70 6F 6F
               0455   6F 6F 6E 6E
               0459   6D 6D 6D 6D
               045D   6C 6C 6C 6C
     24        0461   6B 6B 6A 6A          FCB $6b,$6b,$6a,$6a,$6a,$6a,$69,$69,$68,$68,$68,$68,$67,$67,$67,$67,$66,$66,$65,$65,$65,$65,$64,$64,$64,$64,$63,$63,$62,$62,$62,$62,$61,$61,$61,$61,$60,$60,$5f,$5f
               0465   6A 6A 69 69
               0469   68 68 68 68
               046D   67 67 67 67
               0471   66 66 65 65
               0475   65 65 64 64
               0479   64 64 63 63
               047D   62 62 62 62
               0481   61 61 61 61
               0485   60 60 5F 5F
     25        0489   7D 89 7C 89          FCB $7d,$89,$7c,$89,$7c,$89,$7b,$89,$7b,$89,$7a,$89,$79,$89,$79,$89,$78,$88,$78,$88,$77,$88,$76,$88,$76,$88,$75,$88,$75,$88,$74,$88,$73,$88,$73,$88,$72,$88,$72,$88
               048D   7C 89 7B 89
               0491   7B 89 7A 89
               0495   79 89 79 89
               0499   78 88 78 88
               049D   77 88 76 88
               04A1   76 88 75 88
               04A5   75 88 74 88
               04A9   73 88 73 88
               04AD   72 88 72 88
     26        04B1   71 88 70 88          FCB $71,$88,$70,$88,$70,$87,$6f,$87,$6f,$87,$6e,$87,$6d,$87,$6d,$87,$6c,$87,$6c,$87,$6b,$87,$6a,$87,$6a,$87,$69,$87,$68,$87,$68,$87,$67,$87,$67,$86,$66,$86,$65,$86
               04B5   70 87 6F 87
               04B9   6F 87 6E 87
               04BD   6D 87 6D 87
               04C1   6C 87 6C 87
               04C5   6B 87 6A 87
               04C9   6A 87 69 87
               04CD   68 87 68 87
               04D1   67 87 67 86
               04D5   66 86 65 86
     27        04D9   65 86 64 86          FCB $65,$86,$64,$86,$64,$86,$63,$86,$62,$86,$62,$86,$61,$86,$61,$86,$60,$86,$5f,$86,$89,$95,$89,$95,$89,$96,$89,$96,$89,$97,$89,$97,$89,$97,$89,$98,$88,$98,$88,$99
               04DD   64 86 63 86
               04E1   62 86 62 86
               04E5   61 86 61 86
               04E9   60 86 5F 86
               04ED   89 95 89 95
               04F1   89 96 89 96
               04F5   89 97 89 97
               04F9   89 97 89 98
               04FD   88 98 88 99
     28        0501   88 99 88 9A          FCB $88,$99,$88,$9a,$88,$9a,$88,$9a,$88,$9b,$88,$9b,$88,$9c,$88,$9c,$88,$9c,$88,$9d,$88,$9d,$88,$9e,$87,$9e,$87,$9f,$87,$9f,$87,$9f,$87,$a0,$87,$a0,$87,$a1,$87,$a1
               0505   88 9A 88 9A
               0509   88 9B 88 9B
               050D   88 9C 88 9C
               0511   88 9C 88 9D
               0515   88 9D 88 9E
               0519   87 9E 87 9F
               051D   87 9F 87 9F
               0521   87 A0 87 A0
               0525   87 A1 87 A1
     29        0529   87 A1 87 A2          FCB $87,$a1,$87,$a2,$87,$a2,$87,$a3,$87,$a3,$87,$a3,$87,$a4,$86,$a4,$86,$a5,$86,$a5,$86,$a6,$86,$a6,$86,$a6,$86,$a7,$86,$a7,$86,$a8,$86,$a8,$86,$a8,$86,$a9,$86,$a9
               052D   87 A2 87 A3
               0531   87 A3 87 A3
               0535   87 A4 86 A4
               0539   86 A5 86 A5
               053D   86 A6 86 A6
               0541   86 A6 86 A7
               0545   86 A7 86 A8
               0549   86 A8 86 A8
               054D   86 A9 86 A9
     30        0551   95 95 95 95          FCB $95,$95,$95,$95,$96,$96,$96,$96,$97,$97,$97,$97,$97,$97,$98,$98,$98,$98,$99,$99,$99,$99,$9a,$9a,$9a,$9a,$9a,$9a,$9b,$9b,$9b,$9b,$9c,$9c,$9c,$9c,$9c,$9c,$9d,$9d
               0555   96 96 96 96
               0559   97 97 97 97
               055D   97 97 98 98
               0561   98 98 99 99
               0565   99 99 9A 9A
               0569   9A 9A 9A 9A
               056D   9B 9B 9B 9B
               0571   9C 9C 9C 9C
               0575   9C 9C 9D 9D
     31        0579   9D 9D 9E 9E          FCB $9d,$9d,$9e,$9e,$9e,$9e,$9f,$9f,$9f,$9f,$9f,$9f,$a0,$a0,$a0,$a0,$a1,$a1,$a1,$a1,$a1,$a1,$a2,$a2,$a2,$a2,$a3,$a3,$a3,$a3,$a3,$a3,$a4,$a4,$a4,$a4,$a5,$a5,$a5,$a5
               057D   9E 9E 9F 9F
               0581   9F 9F 9F 9F
               0585   A0 A0 A0 A0
               0589   A1 A1 A1 A1
               058D   A1 A1 A2 A2
               0591   A2 A2 A3 A3
               0595   A3 A3 A3 A3
               0599   A4 A4 A4 A4
               059D   A5 A5 A5 A5
     32        05A1   A6 A6 A6 A6          FCB $a6,$a6,$a6,$a6,$a6,$a6,$a7,$a7,$a7,$a7,$a8,$a8,$a8,$a8,$a8,$a8,$a9,$a9,$a9,$a9,$95,$a1,$95,$a2,$96,$a3,$96,$a4,$97,$a5,$97,$a6,$97,$a7,$98,$a8,$98,$a9,$99,$aa
               05A5   A6 A6 A7 A7
               05A9   A7 A7 A8 A8
               05AD   A8 A8 A8 A8
               05B1   A9 A9 A9 A9
               05B5   95 A1 95 A2
               05B9   96 A3 96 A4
               05BD   97 A5 97 A6
               05C1   97 A7 98 A8
               05C5   98 A9 99 AA
     33        05C9   99 AB 9A AC          FCB $99,$ab,$9a,$ac,$9a,$ad,$9a,$ae,$9b,$af,$9b,$b0,$9c,$b1,$9c,$b2,$9c,$b3,$9d,$b4,$9d,$b5,$9e,$b6,$9e,$b7,$9f,$b8,$9f,$b9,$9f,$ba,$a0,$bb,$a0,$bc,$a1,$bd,$a1,$be
               05CD   9A AD 9A AE
               05D1   9B AF 9B B0
               05D5   9C B1 9C B2
               05D9   9C B3 9D B4
               05DD   9D B5 9E B6
               05E1   9E B7 9F B8
               05E5   9F B9 9F BA
               05E9   A0 BB A0 BC
               05ED   A1 BD A1 BE
     34        05F1   A1 C0 A2 C1          FCB $a1,$c0,$a2,$c1,$a2,$c2,$a3,$c3,$a3,$c4,$a3,$c5,$a4,$c6,$a4,$c7,$a5,$c8,$a5,$c9,$a6,$ca,$a6,$cb,$a6,$cc,$a7,$cd,$a7,$ce,$a8,$cf,$a8,$d0,$a8,$d1,$a9,$d2,$a9,$d3
               05F5   A2 C2 A3 C3
               05F9   A3 C4 A3 C5
               05FD   A4 C6 A4 C7
               0601   A5 C8 A5 C9
               0605   A6 CA A6 CB
               0609   A6 CC A7 CD
               060D   A7 CE A8 CF
               0611   A8 D0 A8 D1
               0615   A9 D2 A9 D3
     35        0619   A1 A1 A2 A2          FCB $a1,$a1,$a2,$a2,$a3,$a3,$a4,$a4,$a5,$a5,$a6,$a6,$a7,$a7,$a8,$a8,$a9,$a9,$aa,$aa,$ab,$ab,$ac,$ac,$ad,$ad,$ae,$ae,$af,$af,$b0,$b0,$b1,$b1,$b2,$b2,$b3,$b3,$b4,$b4
               061D   A3 A3 A4 A4
               0621   A5 A5 A6 A6
               0625   A7 A7 A8 A8
               0629   A9 A9 AA AA
               062D   AB AB AC AC
               0631   AD AD AE AE
               0635   AF AF B0 B0
               0639   B1 B1 B2 B2
               063D   B3 B3 B4 B4
     36        0641   B5 B5 B6 B6          FCB $b5,$b5,$b6,$b6,$b7,$b7,$b8,$b8,$b9,$b9,$ba,$ba,$bb,$bb,$bc,$bc,$bd,$bd,$be,$be,$c0,$c0,$c1,$c1,$c2,$c2,$c3,$c3,$c4,$c4,$c5,$c5,$c6,$c6,$c7,$c7,$c8,$c8,$c9,$c9
               0645   B7 B7 B8 B8
               0649   B9 B9 BA BA
               064D   BB BB BC BC
               0651   BD BD BE BE
               0655   C0 C0 C1 C1
               0659   C2 C2 C3 C3
               065D   C4 C4 C5 C5
               0661   C6 C6 C7 C7
               0665   C8 C8 C9 C9
     37        0669   CA CA CB CB          FCB $ca,$ca,$cb,$cb,$cc,$cc,$cd,$cd,$ce,$ce,$cf,$cf,$d0,$d0,$d1,$d1,$d2,$d2,$d3,$d3,$a1,$a1,$a2,$a2,$a3,$a3,$a4,$a4,$a5,$a5,$a6,$a6,$a7,$a7,$a8,$a8,$a9,$a9,$aa,$aa
               066D   CC CC CD CD
               0671   CE CE CF CF
               0675   D0 D0 D1 D1
               0679   D2 D2 D3 D3
               067D   A1 A1 A2 A2
               0681   A3 A3 A4 A4
               0685   A5 A5 A6 A6
               0689   A7 A7 A8 A8
               068D   A9 A9 AA AA
     38        0691   AB AB AC AC          FCB $ab,$ab,$ac,$ac,$ad,$ad,$ae,$ae,$af,$af,$b0,$b0,$b1,$b1,$b2,$b2,$b3,$b3,$b4,$b4,$b5,$b5,$b6,$b6,$b7,$b7,$b8,$b8,$b9,$b9,$ba,$ba,$bb,$bb,$bc,$bc,$bd,$bd,$be,$be
               0695   AD AD AE AE
               0699   AF AF B0 B0
               069D   B1 B1 B2 B2
               06A1   B3 B3 B4 B4
               06A5   B5 B5 B6 B6
               06A9   B7 B7 B8 B8
               06AD   B9 B9 BA BA
               06B1   BB BB BC BC
               06B5   BD BD BE BE
     39        06B9   C0 C0 C1 C1          FCB $c0,$c0,$c1,$c1,$c2,$c2,$c3,$c3,$c4,$c4,$c5,$c5,$c6,$c6,$c7,$c7,$c8,$c8,$c9,$c9,$ca,$ca,$cb,$cb,$cc,$cc,$cd,$cd,$ce,$ce,$cf,$cf,$d0,$d0,$d1,$d1,$d2,$d2,$d3,$d3
               06BD   C2 C2 C3 C3
               06C1   C4 C4 C5 C5
               06C5   C6 C6 C7 C7
               06C9   C8 C8 C9 C9
               06CD   CA CA CB CB
               06D1   CC CC CD CD
               06D5   CE CE CF CF
               06D9   D0 D0 D1 D1
               06DD   D2 D2 D3 D3
     40        06E1   A1 95 A2 95          FCB $a1,$95,$a2,$95,$a3,$96,$a4,$96,$a5,$97,$a6,$97,$a7,$97,$a8,$98,$a9,$98,$aa,$99,$ab,$99,$ac,$9a,$ad,$9a,$ae,$9a,$af,$9b,$b0,$9b,$b1,$9c,$b2,$9c,$b3,$9c,$b4,$9d
               06E5   A3 96 A4 96
               06E9   A5 97 A6 97
               06ED   A7 97 A8 98
               06F1   A9 98 AA 99
               06F5   AB 99 AC 9A
               06F9   AD 9A AE 9A
               06FD   AF 9B B0 9B
               0701   B1 9C B2 9C
               0705   B3 9C B4 9D
     41        0709   B5 9D B6 9E          FCB $b5,$9d,$b6,$9e,$b7,$9e,$b8,$9f,$b9,$9f,$ba,$9f,$bb,$a0,$bc,$a0,$bd,$a1,$be,$a1,$c0,$a1,$c1,$a2,$c2,$a2,$c3,$a3,$c4,$a3,$c5,$a3,$c6,$a4,$c7,$a4,$c8,$a5,$c9,$a5
               070D   B7 9E B8 9F
               0711   B9 9F BA 9F
               0715   BB A0 BC A0
               0719   BD A1 BE A1
               071D   C0 A1 C1 A2
               0721   C2 A2 C3 A3
               0725   C4 A3 C5 A3
               0729   C6 A4 C7 A4
               072D   C8 A5 C9 A5
     42        0731   CA A6 CB A6          FCB $ca,$a6,$cb,$a6,$cc,$a6,$cd,$a7,$ce,$a7,$cf,$a8,$d0,$a8,$d1,$a8,$d2,$a9,$d3,$a9,$95,$95,$95,$95,$96,$96,$96,$96,$97,$97,$97,$97,$97,$97,$98,$98,$98,$98,$99,$99
               0735   CC A6 CD A7
               0739   CE A7 CF A8
               073D   D0 A8 D1 A8
               0741   D2 A9 D3 A9
               0745   95 95 95 95
               0749   96 96 96 96
               074D   97 97 97 97
               0751   97 97 98 98
               0755   98 98 99 99
     43        0759   99 99 9A 9A          FCB $99,$99,$9a,$9a,$9a,$9a,$9a,$9a,$9b,$9b,$9b,$9b,$9c,$9c,$9c,$9c,$9c,$9c,$9d,$9d,$9d,$9d,$9e,$9e,$9e,$9e,$9f,$9f,$9f,$9f,$9f,$9f,$a0,$a0,$a0,$a0,$a1,$a1,$a1,$a1
               075D   9A 9A 9A 9A
               0761   9B 9B 9B 9B
               0765   9C 9C 9C 9C
               0769   9C 9C 9D 9D
               076D   9D 9D 9E 9E
               0771   9E 9E 9F 9F
               0775   9F 9F 9F 9F
               0779   A0 A0 A0 A0
               077D   A1 A1 A1 A1
     44        0781   A1 A1 A2 A2          FCB $a1,$a1,$a2,$a2,$a2,$a2,$a3,$a3,$a3,$a3,$a3,$a3,$a4,$a4,$a4,$a4,$a5,$a5,$a5,$a5,$a6,$a6,$a6,$a6,$a6,$a6,$a7,$a7,$a7,$a7,$a8,$a8,$a8,$a8,$a8,$a8,$a9,$a9,$a9,$a9
               0785   A2 A2 A3 A3
               0789   A3 A3 A3 A3
               078D   A4 A4 A4 A4
               0791   A5 A5 A5 A5
               0795   A6 A6 A6 A6
               0799   A6 A6 A7 A7
               079D   A7 A7 A8 A8
               07A1   A8 A8 A8 A8
               07A5   A9 A9 A9 A9
     45        07A9   95 88 95 88          FCB $95,$88,$95,$88,$96,$88,$96,$88,$97,$88,$97,$88,$97,$88,$98,$88,$98,$88,$99,$88,$99,$87,$9a,$87,$9a,$87,$9a,$87,$9b,$87,$9b,$87,$9c,$87,$9c,$87,$9c,$87,$9d,$87
               07AD   96 88 96 88
               07B1   97 88 97 88
               07B5   97 88 98 88
               07B9   98 88 99 88
               07BD   99 87 9A 87
               07C1   9A 87 9A 87
               07C5   9B 87 9B 87
               07C9   9C 87 9C 87
               07CD   9C 87 9D 87
     46        07D1   9D 87 9E 87          FCB $9d,$87,$9e,$87,$9e,$87,$9f,$87,$9f,$87,$9f,$87,$a0,$87,$a0,$87,$a1,$87,$a1,$86,$a1,$86,$a2,$86,$a2,$86,$a3,$86,$a3,$86,$a3,$86,$a4,$86,$a4,$86,$a5,$86,$a5,$86
               07D5   9E 87 9F 87
               07D9   9F 87 9F 87
               07DD   A0 87 A0 87
               07E1   A1 87 A1 86
               07E5   A1 86 A2 86
               07E9   A2 86 A3 86
               07ED   A3 86 A3 86
               07F1   A4 86 A4 86
               07F5   A5 86 A5 86
     47        07F9   A6 86 A6 86          FCB $a6,$86,$a6,$86,$a6,$86,$a7,$86,$a7,$86,$a8,$86,$a8,$86,$a8,$86,$a9,$86,$a9,$85,$88,$7c,$88,$7b,$88,$7b,$88,$7a,$88,$7a,$88,$79,$88,$78,$88,$78,$88,$77,$88,$77
               07FD   A6 86 A7 86
               0801   A7 86 A8 86
               0805   A8 86 A8 86
               0809   A9 86 A9 85
               080D   88 7C 88 7B
               0811   88 7B 88 7A
               0815   88 7A 88 79
               0819   88 78 88 78
               081D   88 77 88 77
     48        0821   87 76 87 75          FCB $87,$76,$87,$75,$87,$75,$87,$74,$87,$74,$87,$73,$87,$72,$87,$72,$87,$71,$87,$71,$87,$70,$87,$6f,$87,$6f,$87,$6e,$87,$6e,$87,$6d,$87,$6c,$87,$6c,$87,$6b,$86,$6a
               0825   87 75 87 74
               0829   87 74 87 73
               082D   87 72 87 72
               0831   87 71 87 71
               0835   87 70 87 6F
               0839   87 6F 87 6E
               083D   87 6E 87 6D
               0841   87 6C 87 6C
               0845   87 6B 86 6A
     49        0849   86 6A 86 69          FCB $86,$6a,$86,$69,$86,$69,$86,$68,$86,$67,$86,$67,$86,$66,$86,$66,$86,$65,$86,$64,$86,$64,$86,$63,$86,$63,$86,$62,$86,$61,$86,$61,$86,$60,$86,$60,$86,$5f,$85,$5e
               084D   86 69 86 68
               0851   86 67 86 67
               0855   86 66 86 66
               0859   86 65 86 64
               085D   86 64 86 63
               0861   86 63 86 62
               0865   86 61 86 61
               0869   86 60 86 60
               086D   86 5F 85 5E
     50        0871   7C 7C 7B 7B          FCB $7c,$7c,$7b,$7b,$7b,$7b,$7a,$7a,$7a,$7a,$79,$79,$78,$78,$78,$78,$77,$77,$77,$77,$76,$76,$75,$75,$75,$75,$74,$74,$74,$74,$73,$73,$72,$72,$72,$72,$71,$71,$71,$71
               0875   7B 7B 7A 7A
               0879   7A 7A 79 79
               087D   78 78 78 78
               0881   77 77 77 77
               0885   76 76 75 75
               0889   75 75 74 74
               088D   74 74 73 73
               0891   72 72 72 72
               0895   71 71 71 71
     51        0899   70 70 6F 6F          FCB $70,$70,$6f,$6f,$6f,$6f,$6e,$6e,$6e,$6e,$6d,$6d,$6c,$6c,$6c,$6c,$6b,$6b,$6a,$6a,$6a,$6a,$69,$69,$69,$69,$68,$68,$67,$67,$67,$67,$66,$66,$66,$66,$65,$65,$64,$64
               089D   6F 6F 6E 6E
               08A1   6E 6E 6D 6D
               08A5   6C 6C 6C 6C
               08A9   6B 6B 6A 6A
               08AD   6A 6A 69 69
               08B1   69 69 68 68
               08B5   67 67 67 67
               08B9   66 66 66 66
               08BD   65 65 64 64
     52        08C1   64 64 63 63          FCB $64,$64,$63,$63,$63,$63,$62,$62,$61,$61,$61,$61,$60,$60,$60,$60,$5f,$5f,$5e,$5e,$7c,$71,$7b,$70,$7b,$6e,$7a,$6d,$7a,$6c,$79,$6b,$78,$69,$78,$68,$77,$67,$77,$66
               08C5   63 63 62 62
               08C9   61 61 61 61
               08CD   60 60 60 60
               08D1   5F 5F 5E 5E
               08D5   7C 71 7B 70
               08D9   7B 6E 7A 6D
               08DD   7A 6C 79 6B
               08E1   78 69 78 68
               08E5   77 67 77 66
     53        08E9   76 64 75 63          FCB $76,$64,$75,$63,$75,$62,$74,$61,$74,$5f,$73,$5e,$72,$5d,$72,$5c,$71,$5a,$71,$59,$70,$58,$6f,$57,$6f,$55,$6e,$54,$6e,$53,$6d,$52,$6c,$50,$6c,$4f,$6b,$4e,$6a,$4c
               08ED   75 62 74 61
               08F1   74 5F 73 5E
               08F5   72 5D 72 5C
               08F9   71 5A 71 59
               08FD   70 58 6F 57
               0901   6F 55 6E 54
               0905   6E 53 6D 52
               0909   6C 50 6C 4F
               090D   6B 4E 6A 4C
     54        0911   6A 4B 69 4A          FCB $6a,$4b,$69,$4a,$69,$49,$68,$47,$67,$46,$67,$45,$66,$44,$66,$42,$65,$41,$64,$40,$64,$3f,$63,$3d,$63,$3c,$62,$3b,$61,$3a,$61,$38,$60,$37,$60,$36,$5f,$35,$5e,$33
               0915   69 49 68 47
               0919   67 46 67 45
               091D   66 44 66 42
               0921   65 41 64 40
               0925   64 3F 63 3D
               0929   63 3C 62 3B
               092D   61 3A 61 38
               0931   60 37 60 36
               0935   5F 35 5E 33
     55        0939   71 71 70 70          FCB $71,$71,$70,$70,$6e,$6e,$6d,$6d,$6c,$6c,$6b,$6b,$69,$69,$68,$68,$67,$67,$66,$66,$64,$64,$63,$63,$62,$62,$61,$61,$5f,$5f,$5e,$5e,$5d,$5d,$5c,$5c,$5a,$5a,$59,$59
               093D   6E 6E 6D 6D
               0941   6C 6C 6B 6B
               0945   69 69 68 68
               0949   67 67 66 66
               094D   64 64 63 63
               0951   62 62 61 61
               0955   5F 5F 5E 5E
               0959   5D 5D 5C 5C
               095D   5A 5A 59 59
     56        0961   58 58 57 57          FCB $58,$58,$57,$57,$55,$55,$54,$54,$53,$53,$52,$52,$50,$50,$4f,$4f,$4e,$4e,$4c,$4c,$4b,$4b,$4a,$4a,$49,$49,$47,$47,$46,$46,$45,$45,$44,$44,$42,$42,$41,$41,$40,$40
               0965   55 55 54 54
               0969   53 53 52 52
               096D   50 50 4F 4F
               0971   4E 4E 4C 4C
               0975   4B 4B 4A 4A
               0979   49 49 47 47
               097D   46 46 45 45
               0981   44 44 42 42
               0985   41 41 40 40
     57        0989   3F 3F 3D 3D          FCB $3f,$3f,$3d,$3d,$3c,$3c,$3b,$3b,$3a,$3a,$38,$38,$37,$37,$36,$36,$35,$35,$33,$33,$71,$71,$70,$70,$6e,$6e,$6d,$6d,$6c,$6c,$6b,$6b,$69,$69,$68,$68,$67,$67,$66,$66
               098D   3C 3C 3B 3B
               0991   3A 3A 38 38
               0995   37 37 36 36
               0999   35 35 33 33
               099D   71 71 70 70
               09A1   6E 6E 6D 6D
               09A5   6C 6C 6B 6B
               09A9   69 69 68 68
               09AD   67 67 66 66
     58        09B1   64 64 63 63          FCB $64,$64,$63,$63,$62,$62,$61,$61,$5f,$5f,$5e,$5e,$5d,$5d,$5c,$5c,$5a,$5a,$59,$59,$58,$58,$57,$57,$55,$55,$54,$54,$53,$53,$52,$52,$50,$50,$4f,$4f,$4e,$4e,$4c,$4c
               09B5   62 62 61 61
               09B9   5F 5F 5E 5E
               09BD   5D 5D 5C 5C
               09C1   5A 5A 59 59
               09C5   58 58 57 57
               09C9   55 55 54 54
               09CD   53 53 52 52
               09D1   50 50 4F 4F
               09D5   4E 4E 4C 4C
     59        09D9   4B 4B 4A 4A          FCB $4b,$4b,$4a,$4a,$49,$49,$47,$47,$46,$46,$45,$45,$44,$44,$42,$42,$41,$41,$40,$40,$3f,$3f,$3d,$3d,$3c,$3c,$3b,$3b,$3a,$3a,$38,$38,$37,$37,$36,$36,$35,$35,$33,$33
               09DD   49 49 47 47
               09E1   46 46 45 45
               09E5   44 44 42 42
               09E9   41 41 40 40
               09ED   3F 3F 3D 3D
               09F1   3C 3C 3B 3B
               09F5   3A 3A 38 38
               09F9   37 37 36 36
               09FD   35 35 33 33
     60        0A01                    LINE_ENEMY_Y1
     61        0A01   80 80 7F 7F          FCB $80,$80,$7f,$7f,$7e,$7e,$7d,$7d,$7c,$7c,$7b,$7b,$7a,$7a,$79,$79,$79,$79,$78,$78,$77,$77,$76,$76,$75,$75,$74,$74,$73,$73,$72,$72,$71,$71,$70,$70,$6f,$6f,$6e,$6e
               0A05   7E 7E 7D 7D
               0A09   7C 7C 7B 7B
               0A0D   7A 7A 79 79
               0A11   79 79 78 78
               0A15   77 77 76 76
               0A19   75 75 74 74
               0A1D   73 73 72 72
               0A21   71 71 70 70
               0A25   6F 6F 6E 6E
     62        0A29   6D 6D 6C 6C          FCB $6d,$6d,$6c,$6c,$6c,$6c,$6b,$6b,$6a,$6a,$69,$69,$68,$68,$67,$67,$66,$66,$65,$65,$64,$64,$63,$63,$62,$62,$61,$61,$60,$60,$5f,$5f,$5e,$5e,$5e,$5e,$5d,$5d,$5c,$5c
               0A2D   6C 6C 6B 6B
               0A31   6A 6A 69 69
               0A35   68 68 67 67
               0A39   66 66 65 65
               0A3D   64 64 63 63
               0A41   62 62 61 61
               0A45   60 60 5F 5F
               0A49   5E 5E 5E 5E
               0A4D   5D 5D 5C 5C
     63        0A51   5B 5B 5A 5A          FCB $5b,$5b,$5a,$5a,$59,$59,$58,$58,$57,$57,$56,$56,$55,$55,$54,$54,$53,$53,$52,$52,$80,$75,$7f,$74,$7e,$72,$7d,$71,$7c,$6f,$7b,$6e,$7a,$6d,$79,$6b,$79,$6a,$78,$69
               0A55   59 59 58 58
               0A59   57 57 56 56
               0A5D   55 55 54 54
               0A61   53 53 52 52
               0A65   80 75 7F 74
               0A69   7E 72 7D 71
               0A6D   7C 6F 7B 6E
               0A71   7A 6D 79 6B
               0A75   79 6A 78 69
     64        0A79   77 67 76 66          FCB $77,$67,$76,$66,$75,$64,$74,$63,$73,$62,$72,$60,$71,$5f,$70,$5e,$6f,$5c,$6e,$5b,$6d,$59,$6c,$58,$6c,$57,$6b,$55,$6a,$54,$69,$53,$68,$51,$67,$50,$66,$4e,$65,$4d
               0A7D   75 64 74 63
               0A81   73 62 72 60
               0A85   71 5F 70 5E
               0A89   6F 5C 6E 5B
               0A8D   6D 59 6C 58
               0A91   6C 57 6B 55
               0A95   6A 54 69 53
               0A99   68 51 67 50
               0A9D   66 4E 65 4D
     65        0AA1   64 4C 63 4A          FCB $64,$4c,$63,$4a,$62,$49,$61,$47,$60,$46,$5f,$45,$5e,$43,$5e,$42,$5d,$41,$5c,$3f,$5b,$3e,$5a,$3c,$59,$3b,$58,$3a,$57,$38,$56,$37,$55,$36,$54,$34,$53,$33,$52,$31
               0AA5   62 49 61 47
               0AA9   60 46 5F 45
               0AAD   5E 43 5E 42
               0AB1   5D 41 5C 3F
               0AB5   5B 3E 5A 3C
               0AB9   59 3B 58 3A
               0ABD   57 38 56 37
               0AC1   55 36 54 34
               0AC5   53 33 52 31
     66        0AC9   75 75 74 74          FCB $75,$75,$74,$74,$72,$72,$71,$71,$6f,$6f,$6e,$6e,$6d,$6d,$6b,$6b,$6a,$6a,$69,$69,$67,$67,$66,$66,$64,$64,$63,$63,$62,$62,$60,$60,$5f,$5f,$5e,$5e,$5c,$5c,$5b,$5b
               0ACD   72 72 71 71
               0AD1   6F 6F 6E 6E
               0AD5   6D 6D 6B 6B
               0AD9   6A 6A 69 69
               0ADD   67 67 66 66
               0AE1   64 64 63 63
               0AE5   62 62 60 60
               0AE9   5F 5F 5E 5E
               0AED   5C 5C 5B 5B
     67        0AF1   59 59 58 58          FCB $59,$59,$58,$58,$57,$57,$55,$55,$54,$54,$53,$53,$51,$51,$50,$50,$4e,$4e,$4d,$4d,$4c,$4c,$4a,$4a,$49,$49,$47,$47,$46,$46,$45,$45,$43,$43,$42,$42,$41,$41,$3f,$3f
               0AF5   57 57 55 55
               0AF9   54 54 53 53
               0AFD   51 51 50 50
               0B01   4E 4E 4D 4D
               0B05   4C 4C 4A 4A
               0B09   49 49 47 47
               0B0D   46 46 45 45
               0B11   43 43 42 42
               0B15   41 41 3F 3F
     68        0B19   3E 3E 3C 3C          FCB $3e,$3e,$3c,$3c,$3b,$3b,$3a,$3a,$38,$38,$37,$37,$36,$36,$34,$34,$33,$33,$31,$31,$75,$75,$74,$74,$72,$72,$71,$71,$6f,$6f,$6e,$6e,$6d,$6d,$6b,$6b,$6a,$6a,$69,$69
               0B1D   3B 3B 3A 3A
               0B21   38 38 37 37
               0B25   36 36 34 34
               0B29   33 33 31 31
               0B2D   75 75 74 74
               0B31   72 72 71 71
               0B35   6F 6F 6E 6E
               0B39   6D 6D 6B 6B
               0B3D   6A 6A 69 69
     69        0B41   67 67 66 66          FCB $67,$67,$66,$66,$64,$64,$63,$63,$62,$62,$60,$60,$5f,$5f,$5e,$5e,$5c,$5c,$5b,$5b,$59,$59,$58,$58,$57,$57,$55,$55,$54,$54,$53,$53,$51,$51,$50,$50,$4e,$4e,$4d,$4d
               0B45   64 64 63 63
               0B49   62 62 60 60
               0B4D   5F 5F 5E 5E
               0B51   5C 5C 5B 5B
               0B55   59 59 58 58
               0B59   57 57 55 55
               0B5D   54 54 53 53
               0B61   51 51 50 50
               0B65   4E 4E 4D 4D
     70        0B69   4C 4C 4A 4A          FCB $4c,$4c,$4a,$4a,$49,$49,$47,$47,$46,$46,$45,$45,$43,$43,$42,$42,$41,$41,$3f,$3f,$3e,$3e,$3c,$3c,$3b,$3b,$3a,$3a,$38,$38,$37,$37,$36,$36,$34,$34,$33,$33,$31,$31
               0B6D   49 49 47 47
               0B71   46 46 45 45
               0B75   43 43 42 42
               0B79   41 41 3F 3F
               0B7D   3E 3E 3C 3C
               0B81   3B 3B 3A 3A
               0B85   38 38 37 37
               0B89   36 36 34 34
               0B8D   33 33 31 31
     71        0B91   75 82 74 81          FCB $75,$82,$74,$81,$72,$80,$71,$7f,$6f,$7e,$6e,$7d,$6d,$7c,$6b,$7b,$6a,$7b,$69,$7a,$67,$79,$66,$78,$64,$77,$63,$76,$62,$75,$60,$74,$5f,$73,$5e,$72,$5c,$71,$5b,$70
               0B95   72 80 71 7F
               0B99   6F 7E 6E 7D
               0B9D   6D 7C 6B 7B
               0BA1   6A 7B 69 7A
               0BA5   67 79 66 78
               0BA9   64 77 63 76
               0BAD   62 75 60 74
               0BB1   5F 73 5E 72
               0BB5   5C 71 5B 70
     72        0BB9   59 6F 58 6E          FCB $59,$6f,$58,$6e,$57,$6e,$55,$6d,$54,$6c,$53,$6b,$51,$6a,$50,$69,$4e,$68,$4d,$67,$4c,$66,$4a,$65,$49,$64,$47,$63,$46,$62,$45,$61,$43,$60,$42,$60,$41,$5f,$3f,$5e
               0BBD   57 6E 55 6D
               0BC1   54 6C 53 6B
               0BC5   51 6A 50 69
               0BC9   4E 68 4D 67
               0BCD   4C 66 4A 65
               0BD1   49 64 47 63
               0BD5   46 62 45 61
               0BD9   43 60 42 60
               0BDD   41 5F 3F 5E
     73        0BE1   3E 5D 3C 5C          FCB $3e,$5d,$3c,$5c,$3b,$5b,$3a,$5a,$38,$59,$37,$58,$36,$57,$34,$56,$33,$55,$31,$54,$82,$82,$81,$81,$80,$80,$7f,$7f,$7e,$7e,$7d,$7d,$7c,$7c,$7b,$7b,$7b,$7b,$7a,$7a
               0BE5   3B 5B 3A 5A
               0BE9   38 59 37 58
               0BED   36 57 34 56
               0BF1   33 55 31 54
               0BF5   82 82 81 81
               0BF9   80 80 7F 7F
               0BFD   7E 7E 7D 7D
               0C01   7C 7C 7B 7B
               0C05   7B 7B 7A 7A
     74        0C09   79 79 78 78          FCB $79,$79,$78,$78,$77,$77,$76,$76,$75,$75,$74,$74,$73,$73,$72,$72,$71,$71,$70,$70,$6f,$6f,$6e,$6e,$6e,$6e,$6d,$6d,$6c,$6c,$6b,$6b,$6a,$6a,$69,$69,$68,$68,$67,$67
               0C0D   77 77 76 76
               0C11   75 75 74 74
               0C15   73 73 72 72
               0C19   71 71 70 70
               0C1D   6F 6F 6E 6E
               0C21   6E 6E 6D 6D
               0C25   6C 6C 6B 6B
               0C29   6A 6A 69 69
               0C2D   68 68 67 67
     75        0C31   66 66 65 65          FCB $66,$66,$65,$65,$64,$64,$63,$63,$62,$62,$61,$61,$60,$60,$60,$60,$5f,$5f,$5e,$5e,$5d,$5d,$5c,$5c,$5b,$5b,$5a,$5a,$59,$59,$58,$58,$57,$57,$56,$56,$55,$55,$54,$54
               0C35   64 64 63 63
               0C39   62 62 61 61
               0C3D   60 60 60 60
               0C41   5F 5F 5E 5E
               0C45   5D 5D 5C 5C
               0C49   5B 5B 5A 5A
               0C4D   59 59 58 58
               0C51   57 57 56 56
               0C55   55 55 54 54
     76        0C59   82 8C 81 8C          FCB $82,$8c,$81,$8c,$80,$8b,$7f,$8b,$7e,$8b,$7d,$8a,$7c,$8a,$7b,$8a,$7b,$89,$7a,$89,$79,$89,$78,$88,$77,$88,$76,$88,$75,$87,$74,$87,$73,$87,$72,$86,$71,$86,$70,$86
               0C5D   80 8B 7F 8B
               0C61   7E 8B 7D 8A
               0C65   7C 8A 7B 8A
               0C69   7B 89 7A 89
               0C6D   79 89 78 88
               0C71   77 88 76 88
               0C75   75 87 74 87
               0C79   73 87 72 86
               0C7D   71 86 70 86
     77        0C81   6F 85 6E 85          FCB $6f,$85,$6e,$85,$6e,$85,$6d,$84,$6c,$84,$6b,$84,$6a,$83,$69,$83,$68,$83,$67,$82,$66,$82,$65,$82,$64,$82,$63,$81,$62,$81,$61,$81,$60,$80,$60,$80,$5f,$80,$5e,$7f
               0C85   6E 85 6D 84
               0C89   6C 84 6B 84
               0C8D   6A 83 69 83
               0C91   68 83 67 82
               0C95   66 82 65 82
               0C99   64 82 63 81
               0C9D   62 81 61 81
               0CA1   60 80 60 80
               0CA5   5F 80 5E 7F
     78        0CA9   5D 7F 5C 7F          FCB $5d,$7f,$5c,$7f,$5b,$7e,$5a,$7e,$59,$7e,$58,$7d,$57,$7d,$56,$7d,$55,$7c,$54,$7c,$8c,$97,$8c,$97,$8b,$98,$8b,$98,$8b,$98,$8a,$98,$8a,$99,$8a,$99,$89,$99,$89,$99
               0CAD   5B 7E 5A 7E
               0CB1   59 7E 58 7D
               0CB5   57 7D 56 7D
               0CB9   55 7C 54 7C
               0CBD   8C 97 8C 97
               0CC1   8B 98 8B 98
               0CC5   8B 98 8A 98
               0CC9   8A 99 8A 99
               0CCD   89 99 89 99
     79        0CD1   89 9A 88 9A          FCB $89,$9a,$88,$9a,$88,$9a,$88,$9b,$87,$9b,$87,$9b,$87,$9b,$86,$9c,$86,$9c,$86,$9c,$85,$9d,$85,$9d,$85,$9d,$84,$9d,$84,$9e,$84,$9e,$83,$9e,$83,$9e,$83,$9f,$82,$9f
               0CD5   88 9A 88 9B
               0CD9   87 9B 87 9B
               0CDD   87 9B 86 9C
               0CE1   86 9C 86 9C
               0CE5   85 9D 85 9D
               0CE9   85 9D 84 9D
               0CED   84 9E 84 9E
               0CF1   83 9E 83 9E
               0CF5   83 9F 82 9F
     80        0CF9   82 9F 82 A0          FCB $82,$9f,$82,$a0,$82,$a0,$81,$a0,$81,$a0,$81,$a1,$80,$a1,$80,$a1,$80,$a1,$7f,$a2,$7f,$a2,$7f,$a2,$7e,$a3,$7e,$a3,$7e,$a3,$7d,$a3,$7d,$a4,$7d,$a4,$7c,$a4,$7c,$a5
               0CFD   82 A0 81 A0
               0D01   81 A0 81 A1
               0D05   80 A1 80 A1
               0D09   80 A1 7F A2
               0D0D   7F A2 7F A2
               0D11   7E A3 7E A3
               0D15   7E A3 7D A3
               0D19   7D A4 7D A4
               0D1D   7C A4 7C A5
     81        0D21   97 97 97 97          FCB $97,$97,$97,$97,$98,$98,$98,$98,$98,$98,$98,$98,$99,$99,$99,$99,$99,$99,$99,$99,$9a,$9a,$9a,$9a,$9a,$9a,$9b,$9b,$9b,$9b,$9b,$9b,$9b,$9b,$9c,$9c,$9c,$9c,$9c,$9c
               0D25   98 98 98 98
               0D29   98 98 98 98
               0D2D   99 99 99 99
               0D31   99 99 99 99
               0D35   9A 9A 9A 9A
               0D39   9A 9A 9B 9B
               0D3D   9B 9B 9B 9B
               0D41   9B 9B 9C 9C
               0D45   9C 9C 9C 9C
     82        0D49   9D 9D 9D 9D          FCB $9d,$9d,$9d,$9d,$9d,$9d,$9d,$9d,$9e,$9e,$9e,$9e,$9e,$9e,$9e,$9e,$9f,$9f,$9f,$9f,$9f,$9f,$a0,$a0,$a0,$a0,$a0,$a0,$a0,$a0,$a1,$a1,$a1,$a1,$a1,$a1,$a1,$a1,$a2,$a2
               0D4D   9D 9D 9D 9D
               0D51   9E 9E 9E 9E
               0D55   9E 9E 9E 9E
               0D59   9F 9F 9F 9F
               0D5D   9F 9F A0 A0
               0D61   A0 A0 A0 A0
               0D65   A0 A0 A1 A1
               0D69   A1 A1 A1 A1
               0D6D   A1 A1 A2 A2
     83        0D71   A2 A2 A2 A2          FCB $a2,$a2,$a2,$a2,$a3,$a3,$a3,$a3,$a3,$a3,$a3,$a3,$a4,$a4,$a4,$a4,$a4,$a4,$a5,$a5,$97,$a6,$97,$a7,$98,$a7,$98,$a8,$98,$a9,$98,$aa,$99,$aa,$99,$ab,$99,$ac,$99,$ad
               0D75   A3 A3 A3 A3
               0D79   A3 A3 A3 A3
               0D7D   A4 A4 A4 A4
               0D81   A4 A4 A5 A5
               0D85   97 A6 97 A7
               0D89   98 A7 98 A8
               0D8D   98 A9 98 AA
               0D91   99 AA 99 AB
               0D95   99 AC 99 AD
     84        0D99   9A AD 9A AE          FCB $9a,$ad,$9a,$ae,$9a,$af,$9b,$b0,$9b,$b0,$9b,$b1,$9b,$b2,$9c,$b3,$9c,$b3,$9c,$b4,$9d,$b5,$9d,$b6,$9d,$b6,$9d,$b7,$9e,$b8,$9e,$b9,$9e,$b9,$9e,$ba,$9f,$bb,$9f,$bc
               0D9D   9A AF 9B B0
               0DA1   9B B0 9B B1
               0DA5   9B B2 9C B3
               0DA9   9C B3 9C B4
               0DAD   9D B5 9D B6
               0DB1   9D B6 9D B7
               0DB5   9E B8 9E B9
               0DB9   9E B9 9E BA
               0DBD   9F BB 9F BC
     85        0DC1   9F BC A0 BD          FCB $9f,$bc,$a0,$bd,$a0,$be,$a0,$be,$a0,$bf,$a1,$c0,$a1,$c1,$a1,$c1,$a1,$c2,$a2,$c3,$a2,$c4,$a2,$c4,$a3,$c5,$a3,$c6,$a3,$c7,$a3,$c7,$a4,$c8,$a4,$c9,$a4,$ca,$a5,$ca
               0DC5   A0 BE A0 BE
               0DC9   A0 BF A1 C0
               0DCD   A1 C1 A1 C1
               0DD1   A1 C2 A2 C3
               0DD5   A2 C4 A2 C4
               0DD9   A3 C5 A3 C6
               0DDD   A3 C7 A3 C7
               0DE1   A4 C8 A4 C9
               0DE5   A4 CA A5 CA
     86        0DE9   A6 A6 A7 A7          FCB $a6,$a6,$a7,$a7,$a7,$a7,$a8,$a8,$a9,$a9,$aa,$aa,$aa,$aa,$ab,$ab,$ac,$ac,$ad,$ad,$ad,$ad,$ae,$ae,$af,$af,$b0,$b0,$b0,$b0,$b1,$b1,$b2,$b2,$b3,$b3,$b3,$b3,$b4,$b4
               0DED   A7 A7 A8 A8
               0DF1   A9 A9 AA AA
               0DF5   AA AA AB AB
               0DF9   AC AC AD AD
               0DFD   AD AD AE AE
               0E01   AF AF B0 B0
               0E05   B0 B0 B1 B1
               0E09   B2 B2 B3 B3
               0E0D   B3 B3 B4 B4
     87        0E11   B5 B5 B6 B6          FCB $b5,$b5,$b6,$b6,$b6,$b6,$b7,$b7,$b8,$b8,$b9,$b9,$b9,$b9,$ba,$ba,$bb,$bb,$bc,$bc,$bc,$bc,$bd,$bd,$be,$be,$be,$be,$bf,$bf,$c0,$c0,$c1,$c1,$c1,$c1,$c2,$c2,$c3,$c3
               0E15   B6 B6 B7 B7
               0E19   B8 B8 B9 B9
               0E1D   B9 B9 BA BA
               0E21   BB BB BC BC
               0E25   BC BC BD BD
               0E29   BE BE BE BE
               0E2D   BF BF C0 C0
               0E31   C1 C1 C1 C1
               0E35   C2 C2 C3 C3
     88        0E39   C4 C4 C4 C4          FCB $c4,$c4,$c4,$c4,$c5,$c5,$c6,$c6,$c7,$c7,$c7,$c7,$c8,$c8,$c9,$c9,$ca,$ca,$ca,$ca,$a6,$a6,$a7,$a7,$a7,$a7,$a8,$a8,$a9,$a9,$aa,$aa,$aa,$aa,$ab,$ab,$ac,$ac,$ad,$ad
               0E3D   C5 C5 C6 C6
               0E41   C7 C7 C7 C7
               0E45   C8 C8 C9 C9
               0E49   CA CA CA CA
               0E4D   A6 A6 A7 A7
               0E51   A7 A7 A8 A8
               0E55   A9 A9 AA AA
               0E59   AA AA AB AB
               0E5D   AC AC AD AD
     89        0E61   AD AD AE AE          FCB $ad,$ad,$ae,$ae,$af,$af,$b0,$b0,$b0,$b0,$b1,$b1,$b2,$b2,$b3,$b3,$b3,$b3,$b4,$b4,$b5,$b5,$b6,$b6,$b6,$b6,$b7,$b7,$b8,$b8,$b9,$b9,$b9,$b9,$ba,$ba,$bb,$bb,$bc,$bc
               0E65   AF AF B0 B0
               0E69   B0 B0 B1 B1
               0E6D   B2 B2 B3 B3
               0E71   B3 B3 B4 B4
               0E75   B5 B5 B6 B6
               0E79   B6 B6 B7 B7
               0E7D   B8 B8 B9 B9
               0E81   B9 B9 BA BA
               0E85   BB BB BC BC
     90        0E89   BC BC BD BD          FCB $bc,$bc,$bd,$bd,$be,$be,$be,$be,$bf,$bf,$c0,$c0,$c1,$c1,$c1,$c1,$c2,$c2,$c3,$c3,$c4,$c4,$c4,$c4,$c5,$c5,$c6,$c6,$c7,$c7,$c7,$c7,$c8,$c8,$c9,$c9,$ca,$ca,$ca,$ca
               0E8D   BE BE BE BE
               0E91   BF BF C0 C0
               0E95   C1 C1 C1 C1
               0E99   C2 C2 C3 C3
               0E9D   C4 C4 C4 C4
               0EA1   C5 C5 C6 C6
               0EA5   C7 C7 C7 C7
               0EA9   C8 C8 C9 C9
               0EAD   CA CA CA CA
     91        0EB1   A6 96 A7 96          FCB $a6,$96,$a7,$96,$a7,$97,$a8,$97,$a9,$97,$aa,$97,$aa,$98,$ab,$98,$ac,$98,$ad,$99,$ad,$99,$ae,$99,$af,$9a,$b0,$9a,$b0,$9a,$b1,$9a,$b2,$9b,$b3,$9b,$b3,$9b,$b4,$9c
               0EB5   A7 97 A8 97
               0EB9   A9 97 AA 97
               0EBD   AA 98 AB 98
               0EC1   AC 98 AD 99
               0EC5   AD 99 AE 99
               0EC9   AF 9A B0 9A
               0ECD   B0 9A B1 9A
               0ED1   B2 9B B3 9B
               0ED5   B3 9B B4 9C
     92        0ED9   B5 9C B6 9C          FCB $b5,$9c,$b6,$9c,$b6,$9c,$b7,$9d,$b8,$9d,$b9,$9d,$b9,$9e,$ba,$9e,$bb,$9e,$bc,$9e,$bc,$9f,$bd,$9f,$be,$9f,$be,$a0,$bf,$a0,$c0,$a0,$c1,$a1,$c1,$a1,$c2,$a1,$c3,$a1
               0EDD   B6 9C B7 9D
               0EE1   B8 9D B9 9D
               0EE5   B9 9E BA 9E
               0EE9   BB 9E BC 9E
               0EED   BC 9F BD 9F
               0EF1   BE 9F BE A0
               0EF5   BF A0 C0 A0
               0EF9   C1 A1 C1 A1
               0EFD   C2 A1 C3 A1
     93        0F01   C4 A2 C4 A2          FCB $c4,$a2,$c4,$a2,$c5,$a2,$c6,$a3,$c7,$a3,$c7,$a3,$c8,$a3,$c9,$a4,$ca,$a4,$ca,$a4,$96,$96,$96,$96,$97,$97,$97,$97,$97,$97,$97,$97,$98,$98,$98,$98,$98,$98,$99,$99
               0F05   C5 A2 C6 A3
               0F09   C7 A3 C7 A3
               0F0D   C8 A3 C9 A4
               0F11   CA A4 CA A4
               0F15   96 96 96 96
               0F19   97 97 97 97
               0F1D   97 97 97 97
               0F21   98 98 98 98
               0F25   98 98 99 99
     94        0F29   99 99 99 99          FCB $99,$99,$99,$99,$9a,$9a,$9a,$9a,$9a,$9a,$9a,$9a,$9b,$9b,$9b,$9b,$9b,$9b,$9c,$9c,$9c,$9c,$9c,$9c,$9c,$9c,$9d,$9d,$9d,$9d,$9d,$9d,$9e,$9e,$9e,$9e,$9e,$9e,$9e,$9e
               0F2D   9A 9A 9A 9A
               0F31   9A 9A 9A 9A
               0F35   9B 9B 9B 9B
               0F39   9B 9B 9C 9C
               0F3D   9C 9C 9C 9C
               0F41   9C 9C 9D 9D
               0F45   9D 9D 9D 9D
               0F49   9E 9E 9E 9E
               0F4D   9E 9E 9E 9E
     95        0F51   9F 9F 9F 9F          FCB $9f,$9f,$9f,$9f,$9f,$9f,$a0,$a0,$a0,$a0,$a0,$a0,$a1,$a1,$a1,$a1,$a1,$a1,$a1,$a1,$a2,$a2,$a2,$a2,$a2,$a2,$a3,$a3,$a3,$a3,$a3,$a3,$a3,$a3,$a4,$a4,$a4,$a4,$a4,$a4
               0F55   9F 9F A0 A0
               0F59   A0 A0 A0 A0
               0F5D   A1 A1 A1 A1
               0F61   A1 A1 A1 A1
               0F65   A2 A2 A2 A2
               0F69   A2 A2 A3 A3
               0F6D   A3 A3 A3 A3
               0F71   A3 A3 A4 A4
               0F75   A4 A4 A4 A4
     96        0F79   96 8B 96 8B          FCB $96,$8b,$96,$8b,$97,$8b,$97,$8b,$97,$8a,$97,$8a,$98,$8a,$98,$8a,$98,$8a,$99,$8a,$99,$89,$99,$89,$9a,$89,$9a,$89,$9a,$89,$9a,$89,$9b,$89,$9b,$88,$9b,$88,$9c,$88
               0F7D   97 8B 97 8B
               0F81   97 8A 97 8A
               0F85   98 8A 98 8A
               0F89   98 8A 99 8A
               0F8D   99 89 99 89
               0F91   9A 89 9A 89
               0F95   9A 89 9A 89
               0F99   9B 89 9B 88
               0F9D   9B 88 9C 88
     97        0FA1   9C 88 9C 88          FCB $9c,$88,$9c,$88,$9c,$88,$9d,$87,$9d,$87,$9d,$87,$9e,$87,$9e,$87,$9e,$87,$9e,$86,$9f,$86,$9f,$86,$9f,$86,$a0,$86,$a0,$86,$a0,$86,$a1,$85,$a1,$85,$a1,$85,$a1,$85
               0FA5   9C 88 9D 87
               0FA9   9D 87 9D 87
               0FAD   9E 87 9E 87
               0FB1   9E 87 9E 86
               0FB5   9F 86 9F 86
               0FB9   9F 86 A0 86
               0FBD   A0 86 A0 86
               0FC1   A1 85 A1 85
               0FC5   A1 85 A1 85
     98        0FC9   A2 85 A2 85          FCB $a2,$85,$a2,$85,$a2,$84,$a3,$84,$a3,$84,$a3,$84,$a3,$84,$a4,$84,$a4,$84,$a4,$83,$8b,$80,$8b,$7f,$8b,$7e,$8b,$7d,$8a,$7c,$8a,$7b,$8a,$7a,$8a,$79,$8a,$79,$8a,$78
               0FCD   A2 84 A3 84
               0FD1   A3 84 A3 84
               0FD5   A3 84 A4 84
               0FD9   A4 84 A4 83
               0FDD   8B 80 8B 7F
               0FE1   8B 7E 8B 7D
               0FE5   8A 7C 8A 7B
               0FE9   8A 7A 8A 79
               0FED   8A 79 8A 78
     99        0FF1   89 77 89 76          FCB $89,$77,$89,$76,$89,$75,$89,$74,$89,$73,$89,$72,$89,$71,$88,$70,$88,$6f,$88,$6e,$88,$6d,$88,$6c,$88,$6c,$87,$6b,$87,$6a,$87,$69,$87,$68,$87,$67,$87,$66,$86,$65
               0FF5   89 75 89 74
               0FF9   89 73 89 72
               0FFD   89 71 88 70
               1001   88 6F 88 6E
               1005   88 6D 88 6C
               1009   88 6C 87 6B
               100D   87 6A 87 69
               1011   87 68 87 67
               1015   87 66 86 65
    100        1019   86 64 86 63          FCB $86,$64,$86,$63,$86,$62,$86,$61,$86,$60,$86,$5f,$85,$5e,$85,$5e,$85,$5d,$85,$5c,$85,$5b,$85,$5a,$84,$59,$84,$58,$84,$57,$84,$56,$84,$55,$84,$54,$84,$53,$83,$52
               101D   86 62 86 61
               1021   86 60 86 5F
               1025   85 5E 85 5E
               1029   85 5D 85 5C
               102D   85 5B 85 5A
               1031   84 59 84 58
               1035   84 57 84 56
               1039   84 55 84 54
               103D   84 53 83 52
    101        1041                    LINE_ENEMY_DX
    102        1041   07 16 08 16          FCB $7,$16,$8,$16,$9,$18,$9,$18,$a,$19,$a,$19,$c,$1a,$c,$1b,$c,$1b,$d,$1c,$e,$1d,$f,$1d,$f,$1e,$f,$1e,$11,$20,$11,$20,$12,$20,$12,$21,$13,$22,$14,$23
               1045   09 18 09 18
               1049   0A 19 0A 19
               104D   0C 1A 0C 1B
               1051   0C 1B 0D 1C
               1055   0E 1D 0F 1D
               1059   0F 1E 0F 1E
               105D   11 20 11 20
               1061   12 20 12 21
               1065   13 22 14 23
    103        1069   14 23 15 24          FCB $14,$23,$15,$24,$16,$25,$16,$25,$17,$26,$17,$27,$18,$27,$19,$28,$19,$28,$1b,$2a,$1b,$2a,$1b,$2a,$1c,$2b,$1d,$2c,$1e,$2c,$1e,$2d,$1e,$2d,$20,$2f,$20,$2f,$21,$2f
               106D   16 25 16 25
               1071   17 26 17 27
               1075   18 27 19 28
               1079   19 28 1B 2A
               107D   1B 2A 1B 2A
               1081   1C 2B 1D 2C
               1085   1E 2C 1E 2D
               1089   1E 2D 20 2F
               108D   20 2F 21 2F
    104        1091   21 30 22 31          FCB $21,$30,$22,$31,$23,$32,$23,$32,$24,$32,$25,$34,$25,$34,$26,$35,$26,$35,$28,$36,$5,$5,$4,$4,$5,$5,$5,$5,$5,$5,$5,$5,$4,$4,$5,$5,$5,$5,$5,$5
               1095   23 32 23 32
               1099   24 32 25 34
               109D   25 34 26 35
               10A1   26 35 28 36
               10A5   05 05 04 04
               10A9   05 05 05 05
               10AD   05 05 05 05
               10B1   04 04 05 05
               10B5   05 05 05 05
    105        10B9   05 05 04 04          FCB $5,$5,$4,$4,$5,$5,$5,$5,$5,$5,$5,$5,$4,$4,$5,$5,$5,$5,$5,$5,$5,$5,$4,$4,$5,$5,$5,$5,$5,$5,$5,$5,$5,$5,$5,$5,$5,$5,$5,$5
               10BD   05 05 05 05
               10C1   05 05 05 05
               10C5   04 04 05 05
               10C9   05 05 05 05
               10CD   05 05 04 04
               10D1   05 05 05 05
               10D5   05 05 05 05
               10D9   05 05 05 05
               10DD   05 05 05 05
    106        10E1   05 05 05 05          FCB $5,$5,$5,$5,$5,$5,$5,$5,$4,$4,$5,$5,$5,$5,$5,$5,$5,$5,$4,$4,$5,$5,$5,$5,$5,$5,$5,$5,$4,$4,$5,$5,$5,$5,$5,$5,$5,$5,$4,$4
               10E5   05 05 05 05
               10E9   04 04 05 05
               10ED   05 05 05 05
               10F1   05 05 04 04
               10F5   05 05 05 05
               10F9   05 05 05 05
               10FD   04 04 05 05
               1101   05 05 05 05
               1105   05 05 04 04
    107        1109   0B 11 0C 11          FCB $b,$11,$c,$11,$c,$12,$d,$13,$d,$13,$e,$14,$f,$14,$f,$15,$10,$15,$10,$15,$11,$16,$12,$16,$12,$17,$13,$18,$12,$18,$13,$19,$14,$19,$14,$1a,$15,$1b,$15,$1b
               110D   0C 12 0D 13
               1111   0D 13 0E 14
               1115   0F 14 0F 15
               1119   10 15 10 15
               111D   11 16 12 16
               1121   12 17 13 18
               1125   12 18 13 19
               1129   14 19 14 1A
               112D   15 1B 15 1B
    108        1131   16 1C 17 1C          FCB $16,$1c,$17,$1c,$17,$1c,$18,$1d,$18,$1d,$19,$1e,$1a,$1f,$1a,$1f,$1b,$20,$1a,$20,$1b,$21,$1c,$22,$1c,$22,$1d,$23,$1e,$23,$1e,$24,$1f,$25,$1f,$24,$20,$25,$21,$25
               1135   17 1C 18 1D
               1139   18 1D 19 1E
               113D   1A 1F 1A 1F
               1141   1B 20 1A 20
               1145   1B 21 1C 22
               1149   1C 22 1D 23
               114D   1E 23 1E 24
               1151   1F 25 1F 24
               1155   20 25 21 25
    109        1159   21 26 22 27          FCB $21,$26,$22,$27,$22,$27,$22,$28,$23,$28,$23,$29,$24,$2a,$24,$2a,$25,$2b,$26,$2b,$f,$d,$10,$d,$10,$e,$11,$e,$11,$f,$11,$f,$12,$f,$12,$10,$14,$10,$14,$11
               115D   22 27 22 28
               1161   23 28 23 29
               1165   24 2A 24 2A
               1169   25 2B 26 2B
               116D   0F 0D 10 0D
               1171   10 0E 11 0E
               1175   11 0F 11 0F
               1179   12 0F 12 10
               117D   14 10 14 11
    110        1181   14 11 15 12          FCB $14,$11,$15,$12,$15,$12,$16,$12,$16,$14,$17,$14,$17,$15,$17,$15,$18,$15,$18,$16,$19,$16,$19,$17,$1a,$17,$1b,$18,$1b,$18,$1c,$18,$1c,$19,$1c,$19,$1d,$1a,$1d,$1b
               1185   15 12 16 12
               1189   16 14 17 14
               118D   17 15 17 15
               1191   18 15 18 16
               1195   19 16 19 17
               1199   1A 17 1B 18
               119D   1B 18 1C 18
               11A1   1C 19 1C 19
               11A5   1D 1A 1D 1B
    111        11A9   1E 1B 1E 1C          FCB $1e,$1b,$1e,$1c,$1f,$1c,$1f,$1d,$1f,$1d,$20,$1d,$20,$1e,$22,$1e,$22,$1f,$22,$1f,$23,$20,$23,$20,$24,$20,$24,$22,$25,$22,$25,$23,$25,$23,$26,$23,$26,$24,$27,$24
               11AD   1F 1C 1F 1D
               11B1   1F 1D 20 1D
               11B5   20 1E 22 1E
               11B9   22 1F 22 1F
               11BD   23 20 23 20
               11C1   24 20 24 22
               11C5   25 22 25 23
               11C9   25 23 26 23
               11CD   26 24 27 24
    112        11D1   03 03 04 04          FCB $3,$3,$4,$4,$3,$3,$4,$4,$3,$3,$3,$3,$4,$4,$3,$3,$4,$4,$3,$3,$3,$3,$3,$3,$3,$3,$4,$4,$3,$3,$4,$4,$3,$3,$3,$3,$4,$4,$3,$3
               11D5   03 03 04 04
               11D9   03 03 03 03
               11DD   04 04 03 03
               11E1   04 04 03 03
               11E5   03 03 03 03
               11E9   03 03 04 04
               11ED   03 03 04 04
               11F1   03 03 03 03
               11F5   04 04 03 03
    113        11F9   04 04 03 03          FCB $4,$4,$3,$3,$3,$3,$3,$3,$3,$3,$4,$4,$3,$3,$3,$3,$3,$3,$3,$3,$4,$4,$3,$3,$4,$4,$3,$3,$3,$3,$4,$4,$3,$3,$4,$4,$3,$3,$3,$3
               11FD   03 03 03 03
               1201   03 03 04 04
               1205   03 03 03 03
               1209   03 03 03 03
               120D   04 04 03 03
               1211   04 04 03 03
               1215   03 03 04 04
               1219   03 03 04 04
               121D   03 03 03 03
    114        1221   03 03 03 03          FCB $3,$3,$3,$3,$4,$4,$3,$3,$4,$4,$3,$3,$3,$3,$4,$4,$3,$3,$4,$4,$14,$9,$15,$9,$15,$a,$16,$a,$16,$b,$17,$c,$18,$c,$18,$d,$19,$d,$19,$e
               1225   04 04 03 03
               1229   04 04 03 03
               122D   03 03 04 04
               1231   03 03 04 04
               1235   14 09 15 09
               1239   15 0A 16 0A
               123D   16 0B 17 0C
               1241   18 0C 18 0D
               1245   19 0D 19 0E
    115        1249   1A 0F 1A 0F          FCB $1a,$f,$1a,$f,$1b,$10,$1c,$10,$1c,$11,$1d,$11,$1d,$12,$1e,$13,$1f,$13,$1f,$14,$20,$14,$20,$15,$22,$16,$22,$16,$23,$17,$24,$17,$24,$18,$25,$19,$25,$19,$26,$1a
               124D   1B 10 1C 10
               1251   1C 11 1D 11
               1255   1D 12 1E 13
               1259   1F 13 1F 14
               125D   20 14 20 15
               1261   22 16 22 16
               1265   23 17 24 17
               1269   24 18 25 19
               126D   25 19 26 1A
    116        1271   27 1B 27 1C          FCB $27,$1b,$27,$1c,$28,$1c,$28,$1d,$29,$1e,$2a,$1e,$2a,$1f,$2b,$1f,$2b,$20,$2c,$21,$2c,$21,$2d,$22,$2e,$22,$2e,$23,$2f,$23,$2f,$24,$30,$25,$31,$25,$31,$26,$32,$26
               1275   28 1C 28 1D
               1279   29 1E 2A 1E
               127D   2A 1F 2B 1F
               1281   2B 20 2C 21
               1285   2C 21 2D 22
               1289   2E 22 2E 23
               128D   2F 23 2F 24
               1291   30 25 31 25
               1295   31 26 32 26
    117        1299   08 08 08 08          FCB $8,$8,$8,$8,$8,$8,$8,$8,$8,$8,$8,$8,$8,$8,$8,$8,$8,$8,$8,$8,$8,$8,$8,$8,$8,$8,$8,$8,$8,$8,$8,$8,$8,$8,$8,$8,$8,$8,$8,$8
               129D   08 08 08 08
               12A1   08 08 08 08
               12A5   08 08 08 08
               12A9   08 08 08 08
               12AD   08 08 08 08
               12B1   08 08 08 08
               12B5   08 08 08 08
               12B9   08 08 08 08
               12BD   08 08 08 08
    118        12C1   08 08 08 08          FCB $8,$8,$8,$8,$9,$9,$9,$9,$9,$9,$9,$9,$9,$9,$9,$9,$9,$9,$9,$9,$8,$8,$8,$8,$8,$8,$8,$8,$8,$8,$8,$8,$8,$8,$8,$8,$8,$8,$8,$8
               12C5   09 09 09 09
               12C9   09 09 09 09
               12CD   09 09 09 09
               12D1   09 09 09 09
               12D5   08 08 08 08
               12D9   08 08 08 08
               12DD   08 08 08 08
               12E1   08 08 08 08
               12E5   08 08 08 08
    119        12E9   08 08 08 08          FCB $8,$8,$8,$8,$8,$8,$8,$8,$8,$8,$8,$8,$8,$8,$8,$8,$8,$8,$8,$8,$8,$8,$8,$8,$8,$8,$8,$8,$8,$8,$8,$8,$8,$8,$8,$8,$8,$8,$8,$8
               12ED   08 08 08 08
               12F1   08 08 08 08
               12F5   08 08 08 08
               12F9   08 08 08 08
               12FD   08 08 08 08
               1301   08 08 08 08
               1305   08 08 08 08
               1309   08 08 08 08
               130D   08 08 08 08
    120        1311   08 08 08 08          FCB $8,$8,$8,$8,$8,$8,$8,$8,$8,$8,$8,$8,$8,$8,$8,$8,$8,$8,$8,$8,$8,$8,$8,$8,$9,$9,$9,$9,$9,$9,$9,$9,$9,$9,$9,$9,$9,$9,$9,$9
               1315   08 08 08 08
               1319   08 08 08 08
               131D   08 08 08 08
               1321   08 08 08 08
               1325   08 08 08 08
               1329   09 09 09 09
               132D   09 09 09 09
               1331   09 09 09 09
               1335   09 09 09 09
    121        1339   08 08 08 08          FCB $8,$8,$8,$8,$8,$8,$8,$8,$8,$8,$8,$8,$8,$8,$8,$8,$8,$8,$8,$8,$8,$8,$8,$8,$8,$8,$8,$8,$8,$8,$8,$8,$8,$8,$8,$8,$8,$8,$8,$8
               133D   08 08 08 08
               1341   08 08 08 08
               1345   08 08 08 08
               1349   08 08 08 08
               134D   08 08 08 08
               1351   08 08 08 08
               1355   08 08 08 08
               1359   08 08 08 08
               135D   08 08 08 08
    122        1361   09 14 09 15          FCB $9,$14,$9,$15,$a,$15,$a,$16,$b,$16,$c,$17,$c,$18,$d,$18,$d,$19,$e,$19,$f,$1a,$f,$1a,$10,$1b,$10,$1c,$11,$1c,$11,$1d,$12,$1d,$13,$1e,$13,$1f,$14,$1f
               1365   0A 15 0A 16
               1369   0B 16 0C 17
               136D   0C 18 0D 18
               1371   0D 19 0E 19
               1375   0F 1A 0F 1A
               1379   10 1B 10 1C
               137D   11 1C 11 1D
               1381   12 1D 13 1E
               1385   13 1F 14 1F
    123        1389   14 20 15 20          FCB $14,$20,$15,$20,$16,$22,$16,$22,$17,$23,$17,$24,$18,$24,$19,$25,$19,$25,$1a,$26,$1b,$27,$1c,$27,$1c,$28,$1d,$28,$1e,$29,$1e,$2a,$1f,$2a,$1f,$2b,$20,$2b,$21,$2c
               138D   16 22 16 22
               1391   17 23 17 24
               1395   18 24 19 25
               1399   19 25 1A 26
               139D   1B 27 1C 27
               13A1   1C 28 1D 28
               13A5   1E 29 1E 2A
               13A9   1F 2A 1F 2B
               13AD   20 2B 21 2C
    124        13B1   21 2C 22 2D          FCB $21,$2c,$22,$2d,$22,$2e,$23,$2e,$23,$2f,$24,$2f,$25,$30,$25,$31,$26,$31,$26,$32,$3,$3,$4,$4,$3,$3,$4,$4,$3,$3,$3,$3,$4,$4,$3,$3,$4,$4,$3,$3
               13B5   22 2E 23 2E
               13B9   23 2F 24 2F
               13BD   25 30 25 31
               13C1   26 31 26 32
               13C5   03 03 04 04
               13C9   03 03 04 04
               13CD   03 03 03 03
               13D1   04 04 03 03
               13D5   04 04 03 03
    125        13D9   03 03 03 03          FCB $3,$3,$3,$3,$3,$3,$4,$4,$3,$3,$4,$4,$3,$3,$3,$3,$4,$4,$3,$3,$4,$4,$3,$3,$3,$3,$3,$3,$3,$3,$4,$4,$3,$3,$3,$3,$3,$3,$3,$3
               13DD   03 03 04 04
               13E1   03 03 04 04
               13E5   03 03 03 03
               13E9   04 04 03 03
               13ED   04 04 03 03
               13F1   03 03 03 03
               13F5   03 03 04 04
               13F9   03 03 03 03
               13FD   03 03 03 03
    126        1401   04 04 03 03          FCB $4,$4,$3,$3,$4,$4,$3,$3,$3,$3,$4,$4,$3,$3,$4,$4,$3,$3,$3,$3,$3,$3,$3,$3,$4,$4,$3,$3,$4,$4,$3,$3,$3,$3,$4,$4,$3,$3,$4,$4
               1405   04 04 03 03
               1409   03 03 04 04
               140D   03 03 04 04
               1411   03 03 03 03
               1415   03 03 03 03
               1419   04 04 03 03
               141D   04 04 03 03
               1421   03 03 04 04
               1425   03 03 04 04
    127        1429   0D 10 0D 11          FCB $d,$10,$d,$11,$f,$11,$f,$12,$10,$12,$10,$12,$10,$13,$11,$13,$11,$14,$12,$14,$12,$15,$13,$16,$13,$16,$13,$17,$14,$17,$14,$18,$15,$18,$15,$18,$15,$19,$16,$19
               142D   0F 11 0F 12
               1431   10 12 10 12
               1435   10 13 11 13
               1439   11 14 12 14
               143D   12 15 13 16
               1441   13 16 13 17
               1445   14 17 14 18
               1449   15 18 15 18
               144D   15 19 16 19
    128        1451   16 1A 18 1A          FCB $16,$1a,$18,$1a,$18,$1a,$19,$1b,$19,$1b,$19,$1c,$1a,$1c,$1a,$1c,$1b,$1d,$1b,$1e,$1b,$1f,$1c,$1f,$1c,$20,$1d,$20,$1d,$20,$1d,$21,$1e,$21,$1e,$22,$1f,$22,$1f,$22
               1455   18 1A 19 1B
               1459   19 1B 19 1C
               145D   1A 1C 1A 1C
               1461   1B 1D 1B 1E
               1465   1B 1F 1C 1F
               1469   1C 20 1D 20
               146D   1D 20 1D 21
               1471   1E 21 1E 22
               1475   1F 22 1F 22
    129        1479   20 23 21 23          FCB $20,$23,$21,$23,$21,$24,$22,$24,$22,$25,$23,$25,$23,$25,$23,$26,$24,$26,$24,$28,$11,$c,$11,$d,$12,$c,$13,$d,$13,$d,$14,$e,$14,$f,$15,$f,$16,$10,$16,$10
               147D   21 24 22 24
               1481   22 25 23 25
               1485   23 25 23 26
               1489   24 26 24 28
               148D   11 0C 11 0D
               1491   12 0C 13 0D
               1495   13 0D 14 0E
               1499   14 0F 15 0F
               149D   16 10 16 10
    130        14A1   16 11 16 12          FCB $16,$11,$16,$12,$17,$12,$18,$13,$18,$13,$19,$14,$19,$15,$1a,$15,$1b,$16,$1b,$16,$1c,$17,$1d,$17,$1d,$17,$1e,$18,$1e,$18,$1f,$19,$20,$1a,$20,$1a,$21,$1b,$20,$1c
               14A5   17 12 18 13
               14A9   18 13 19 14
               14AD   19 15 1A 15
               14B1   1B 16 1B 16
               14B5   1C 17 1D 17
               14B9   1D 17 1E 18
               14BD   1E 18 1F 19
               14C1   20 1A 20 1A
               14C5   21 1B 20 1C
    131        14C9   21 1C 22 1D          FCB $21,$1c,$22,$1d,$22,$1d,$23,$1e,$23,$1f,$24,$1f,$25,$20,$25,$20,$26,$21,$26,$22,$27,$22,$28,$22,$28,$22,$29,$23,$29,$24,$2a,$24,$2b,$25,$2b,$25,$2c,$26,$2b,$27
               14CD   22 1D 23 1E
               14D1   23 1F 24 1F
               14D5   25 20 25 20
               14D9   26 21 26 22
               14DD   27 22 28 22
               14E1   28 22 29 23
               14E5   29 24 2A 24
               14E9   2B 25 2B 25
               14ED   2C 26 2B 27
    132        14F1   05 05 04 04          FCB $5,$5,$4,$4,$5,$5,$5,$5,$5,$5,$5,$5,$4,$4,$5,$5,$5,$5,$5,$5,$5,$5,$4,$4,$5,$5,$5,$5,$5,$5,$5,$5,$4,$4,$5,$5,$5,$5,$5,$5
               14F5   05 05 05 05
               14F9   05 05 05 05
               14FD   04 04 05 05
               1501   05 05 05 05
               1505   05 05 04 04
               1509   05 05 05 05
               150D   05 05 05 05
               1511   04 04 05 05
               1515   05 05 05 05
    133        1519   05 05 05 05          FCB $5,$5,$5,$5,$5,$5,$5,$5,$5,$5,$5,$5,$5,$5,$5,$5,$5,$5,$4,$4,$5,$5,$5,$5,$5,$5,$5,$5,$4,$4,$5,$5,$5,$5,$5,$5,$5,$5,$4,$4
               151D   05 05 05 05
               1521   05 05 05 05
               1525   05 05 05 05
               1529   05 05 04 04
               152D   05 05 05 05
               1531   05 05 05 05
               1535   04 04 05 05
               1539   05 05 05 05
               153D   05 05 04 04
    134        1541   05 05 05 05          FCB $5,$5,$5,$5,$5,$5,$5,$5,$4,$4,$5,$5,$5,$5,$5,$5,$5,$5,$4,$4,$15,$6,$15,$7,$17,$8,$17,$8,$18,$9,$18,$9,$19,$b,$1a,$b,$1a,$b,$1b,$c
               1545   05 05 05 05
               1549   04 04 05 05
               154D   05 05 05 05
               1551   05 05 04 04
               1555   15 06 15 07
               1559   17 08 17 08
               155D   18 09 18 09
               1561   19 0B 1A 0B
               1565   1A 0B 1B 0C
    135        1569   1C 0D 1C 0E          FCB $1c,$d,$1c,$e,$1d,$e,$1d,$e,$1f,$10,$1f,$10,$1f,$11,$20,$11,$21,$12,$22,$13,$22,$13,$23,$13,$24,$15,$24,$15,$25,$16,$26,$16,$26,$17,$27,$18,$27,$18,$28,$1a
               156D   1D 0E 1D 0E
               1571   1F 10 1F 10
               1575   1F 11 20 11
               1579   21 12 22 13
               157D   22 13 23 13
               1581   24 15 24 15
               1585   25 16 26 16
               1589   26 17 27 18
               158D   27 18 28 1A
    136        1591   29 1A 29 1A          FCB $29,$1a,$29,$1a,$2a,$1b,$2b,$1c,$2b,$1d,$2c,$1d,$2c,$1d,$2e,$1f,$2e,$1f,$2e,$20,$2f,$20,$30,$21,$31,$22,$31,$22,$31,$23,$33,$24,$33,$24,$34,$25,$34,$25,$35,$27
               1595   2A 1B 2B 1C
               1599   2B 1D 2C 1D
               159D   2C 1D 2E 1F
               15A1   2E 1F 2E 20
               15A5   2F 20 30 21
               15A9   31 22 31 22
               15AD   31 23 33 24
               15B1   33 24 34 25
               15B5   34 25 35 27
    137        15B9   0A 0A 0A 0A          FCB $a,$a,$a,$a,$a,$a,$a,$a,$a,$a,$a,$a,$a,$a,$a,$a,$a,$a,$a,$a,$a,$a,$a,$a,$a,$a,$a,$a,$a,$a,$a,$a,$a,$a,$a,$a,$a,$a,$a,$a
               15BD   0A 0A 0A 0A
               15C1   0A 0A 0A 0A
               15C5   0A 0A 0A 0A
               15C9   0A 0A 0A 0A
               15CD   0A 0A 0A 0A
               15D1   0A 0A 0A 0A
               15D5   0A 0A 0A 0A
               15D9   0A 0A 0A 0A
               15DD   0A 0A 0A 0A
    138        15E1   0A 0A 0B 0B          FCB $a,$a,$b,$b,$a,$a,$a,$a,$a,$a,$b,$b,$a,$a,$a,$a,$a,$a,$a,$a,$a,$a,$a,$a,$a,$a,$a,$a,$a,$a,$a,$a,$a,$a,$a,$a,$a,$a,$a,$a
               15E5   0A 0A 0A 0A
               15E9   0A 0A 0B 0B
               15ED   0A 0A 0A 0A
               15F1   0A 0A 0A 0A
               15F5   0A 0A 0A 0A
               15F9   0A 0A 0A 0A
               15FD   0A 0A 0A 0A
               1601   0A 0A 0A 0A
               1605   0A 0A 0A 0A
    139        1609   0A 0A 0A 0A          FCB $a,$a,$a,$a,$a,$a,$a,$a,$a,$a,$a,$a,$a,$a,$a,$a,$a,$a,$a,$a,$a,$a,$a,$a,$a,$a,$a,$a,$a,$a,$a,$a,$a,$a,$a,$a,$a,$a,$a,$a
               160D   0A 0A 0A 0A
               1611   0A 0A 0A 0A
               1615   0A 0A 0A 0A
               1619   0A 0A 0A 0A
               161D   0A 0A 0A 0A
               1621   0A 0A 0A 0A
               1625   0A 0A 0A 0A
               1629   0A 0A 0A 0A
               162D   0A 0A 0A 0A
    140        1631   0A 0A 0A 0A          FCB $a,$a,$a,$a,$a,$a,$a,$a,$a,$a,$a,$a,$a,$a,$a,$a,$a,$a,$a,$a,$a,$a,$b,$b,$a,$a,$a,$a,$a,$a,$b,$b,$a,$a,$a,$a,$a,$a,$a,$a
               1635   0A 0A 0A 0A
               1639   0A 0A 0A 0A
               163D   0A 0A 0A 0A
               1641   0A 0A 0A 0A
               1645   0A 0A 0B 0B
               1649   0A 0A 0A 0A
               164D   0A 0A 0B 0B
               1651   0A 0A 0A 0A
               1655   0A 0A 0A 0A
    141        1659   0A 0A 0A 0A          FCB $a,$a,$a,$a,$a,$a,$a,$a,$a,$a,$a,$a,$a,$a,$a,$a,$a,$a,$a,$a,$a,$a,$a,$a,$a,$a,$a,$a,$a,$a,$a,$a,$a,$a,$a,$a,$a,$a,$a,$a
               165D   0A 0A 0A 0A
               1661   0A 0A 0A 0A
               1665   0A 0A 0A 0A
               1669   0A 0A 0A 0A
               166D   0A 0A 0A 0A
               1671   0A 0A 0A 0A
               1675   0A 0A 0A 0A
               1679   0A 0A 0A 0A
               167D   0A 0A 0A 0A
    142        1681                    LINE_ENEMY_DY
    143        1681   07 07 07 07          FCB $7,$7,$7,$7,$7,$7,$7,$7,$7,$7,$7,$7,$7,$7,$7,$7,$8,$8,$8,$8,$8,$8,$8,$8,$8,$8,$8,$8,$7,$7,$7,$7,$7,$7,$7,$7,$7,$7,$7,$7
               1685   07 07 07 07
               1689   07 07 07 07
               168D   07 07 07 07
               1691   08 08 08 08
               1695   08 08 08 08
               1699   08 08 08 08
               169D   07 07 07 07
               16A1   07 07 07 07
               16A5   07 07 07 07
    144        16A9   07 07 07 07          FCB $7,$7,$7,$7,$8,$8,$8,$8,$8,$8,$8,$8,$8,$8,$8,$8,$8,$8,$7,$7,$7,$7,$7,$7,$7,$7,$7,$7,$7,$7,$7,$7,$7,$7,$8,$8,$8,$8,$8,$8
               16AD   08 08 08 08
               16B1   08 08 08 08
               16B5   08 08 08 08
               16B9   08 08 07 07
               16BD   07 07 07 07
               16C1   07 07 07 07
               16C5   07 07 07 07
               16C9   07 07 08 08
               16CD   08 08 08 08
    145        16D1   08 08 08 08          FCB $8,$8,$8,$8,$8,$8,$7,$7,$7,$7,$7,$7,$7,$7,$7,$7,$7,$7,$7,$7,$16,$4,$16,$4,$17,$5,$17,$5,$18,$6,$18,$6,$18,$6,$19,$7,$1a,$7,$1a,$7
               16D5   08 08 07 07
               16D9   07 07 07 07
               16DD   07 07 07 07
               16E1   07 07 07 07
               16E5   16 04 16 04
               16E9   17 05 17 05
               16ED   18 06 18 06
               16F1   18 06 19 07
               16F5   1A 07 1A 07
    146        16F9   1B 08 1B 08          FCB $1b,$8,$1b,$8,$1c,$9,$1c,$9,$1c,$a,$1d,$b,$1d,$b,$1d,$b,$1e,$c,$1e,$c,$1f,$d,$1f,$d,$20,$d,$21,$e,$21,$e,$22,$e,$22,$f,$22,$f,$23,$10,$23,$11
               16FD   1C 09 1C 09
               1701   1C 0A 1D 0B
               1705   1D 0B 1D 0B
               1709   1E 0C 1E 0C
               170D   1F 0D 1F 0D
               1711   20 0D 21 0E
               1715   21 0E 22 0E
               1719   22 0F 22 0F
               171D   23 10 23 11
    147        1721   23 11 24 12          FCB $23,$11,$24,$12,$24,$12,$25,$13,$25,$13,$25,$13,$26,$14,$27,$14,$27,$14,$28,$15,$28,$15,$29,$16,$29,$16,$29,$17,$2a,$18,$2a,$18,$2a,$18,$2b,$19,$2b,$19,$2c,$1a
               1725   24 12 25 13
               1729   25 13 25 13
               172D   26 14 27 14
               1731   27 14 28 15
               1735   28 15 29 16
               1739   29 16 29 17
               173D   2A 18 2A 18
               1741   2A 18 2B 19
               1745   2B 19 2C 1A
    148        1749   0B 0B 0B 0B          FCB $b,$b,$b,$b,$b,$b,$b,$b,$b,$b,$b,$b,$b,$b,$b,$b,$b,$b,$b,$b,$b,$b,$b,$b,$b,$b,$b,$b,$b,$b,$b,$b,$b,$b,$b,$b,$b,$b,$b,$b
               174D   0B 0B 0B 0B
               1751   0B 0B 0B 0B
               1755   0B 0B 0B 0B
               1759   0B 0B 0B 0B
               175D   0B 0B 0B 0B
               1761   0B 0B 0B 0B
               1765   0B 0B 0B 0B
               1769   0B 0B 0B 0B
               176D   0B 0B 0B 0B
    149        1771   0B 0B 0B 0B          FCB $b,$b,$b,$b,$b,$b,$b,$b,$b,$b,$c,$c,$b,$b,$b,$b,$b,$b,$b,$b,$b,$b,$b,$b,$b,$b,$b,$b,$b,$b,$b,$b,$b,$b,$b,$b,$b,$b,$b,$b
               1775   0B 0B 0B 0B
               1779   0B 0B 0C 0C
               177D   0B 0B 0B 0B
               1781   0B 0B 0B 0B
               1785   0B 0B 0B 0B
               1789   0B 0B 0B 0B
               178D   0B 0B 0B 0B
               1791   0B 0B 0B 0B
               1795   0B 0B 0B 0B
    150        1799   0B 0B 0B 0B          FCB $b,$b,$b,$b,$b,$b,$b,$b,$b,$b,$b,$b,$b,$b,$b,$b,$b,$b,$b,$b,$b,$b,$b,$b,$b,$b,$b,$b,$b,$b,$b,$b,$b,$b,$b,$b,$b,$b,$b,$b
               179D   0B 0B 0B 0B
               17A1   0B 0B 0B 0B
               17A5   0B 0B 0B 0B
               17A9   0B 0B 0B 0B
               17AD   0B 0B 0B 0B
               17B1   0B 0B 0B 0B
               17B5   0B 0B 0B 0B
               17B9   0B 0B 0B 0B
               17BD   0B 0B 0B 0B
    151        17C1   0B 0B 0B 0B          FCB $b,$b,$b,$b,$b,$b,$b,$b,$b,$b,$b,$b,$b,$b,$b,$b,$b,$b,$b,$b,$b,$b,$b,$b,$b,$b,$b,$b,$b,$b,$c,$c,$b,$b,$b,$b,$b,$b,$b,$b
               17C5   0B 0B 0B 0B
               17C9   0B 0B 0B 0B
               17CD   0B 0B 0B 0B
               17D1   0B 0B 0B 0B
               17D5   0B 0B 0B 0B
               17D9   0B 0B 0B 0B
               17DD   0B 0B 0C 0C
               17E1   0B 0B 0B 0B
               17E5   0B 0B 0B 0B
    152        17E9   0B 0B 0B 0B          FCB $b,$b,$b,$b,$b,$b,$b,$b,$b,$b,$b,$b,$b,$b,$b,$b,$b,$b,$b,$b,$b,$b,$b,$b,$b,$b,$b,$b,$b,$b,$b,$b,$b,$b,$b,$b,$b,$b,$b,$b
               17ED   0B 0B 0B 0B
               17F1   0B 0B 0B 0B
               17F5   0B 0B 0B 0B
               17F9   0B 0B 0B 0B
               17FD   0B 0B 0B 0B
               1801   0B 0B 0B 0B
               1805   0B 0B 0B 0B
               1809   0B 0B 0B 0B
               180D   0B 0B 0B 0B
    153        1811   06 18 06 18          FCB $6,$18,$6,$18,$7,$19,$7,$19,$8,$1a,$8,$1a,$8,$1a,$9,$1b,$9,$1c,$9,$1c,$a,$1d,$a,$1d,$b,$1e,$b,$1e,$c,$1e,$d,$1f,$d,$1f,$d,$1f,$e,$20,$e,$20
               1815   07 19 07 19
               1819   08 1A 08 1A
               181D   08 1A 09 1B
               1821   09 1C 09 1C
               1825   0A 1D 0A 1D
               1829   0B 1E 0B 1E
               182D   0C 1E 0D 1F
               1831   0D 1F 0D 1F
               1835   0E 20 0E 20
    154        1839   0F 21 0F 21          FCB $f,$21,$f,$21,$f,$22,$10,$23,$10,$23,$10,$24,$11,$24,$11,$24,$12,$25,$13,$25,$13,$25,$14,$26,$14,$26,$15,$27,$15,$27,$15,$27,$16,$28,$16,$29,$16,$29,$17,$2a
               183D   0F 22 10 23
               1841   10 23 10 24
               1845   11 24 11 24
               1849   12 25 13 25
               184D   13 25 14 26
               1851   14 26 15 27
               1855   15 27 15 27
               1859   16 28 16 29
               185D   16 29 17 2A
    155        1861   17 2A 18 2B          FCB $17,$2a,$18,$2b,$18,$2b,$19,$2b,$1a,$2c,$1a,$2c,$1a,$2c,$1b,$2d,$1b,$2d,$1c,$2e,$7,$7,$7,$7,$7,$7,$7,$7,$7,$7,$7,$7,$7,$7,$7,$7,$8,$8,$8,$8
               1865   18 2B 19 2B
               1869   1A 2C 1A 2C
               186D   1A 2C 1B 2D
               1871   1B 2D 1C 2E
               1875   07 07 07 07
               1879   07 07 07 07
               187D   07 07 07 07
               1881   07 07 07 07
               1885   08 08 08 08
    156        1889   08 08 08 08          FCB $8,$8,$8,$8,$8,$8,$8,$8,$7,$7,$7,$7,$7,$7,$7,$7,$7,$7,$7,$7,$7,$7,$7,$7,$8,$8,$8,$8,$8,$8,$8,$8,$8,$8,$8,$8,$8,$8,$7,$7
               188D   08 08 08 08
               1891   07 07 07 07
               1895   07 07 07 07
               1899   07 07 07 07
               189D   07 07 07 07
               18A1   08 08 08 08
               18A5   08 08 08 08
               18A9   08 08 08 08
               18AD   08 08 07 07
    157        18B1   07 07 07 07          FCB $7,$7,$7,$7,$7,$7,$7,$7,$7,$7,$7,$7,$7,$7,$8,$8,$8,$8,$8,$8,$8,$8,$8,$8,$8,$8,$7,$7,$7,$7,$7,$7,$7,$7,$7,$7,$7,$7,$7,$7
               18B5   07 07 07 07
               18B9   07 07 07 07
               18BD   07 07 08 08
               18C1   08 08 08 08
               18C5   08 08 08 08
               18C9   08 08 07 07
               18CD   07 07 07 07
               18D1   07 07 07 07
               18D5   07 07 07 07
    158        18D9   07 11 08 12          FCB $7,$11,$8,$12,$9,$12,$9,$13,$a,$14,$b,$14,$b,$15,$c,$16,$c,$16,$c,$17,$d,$18,$e,$18,$e,$19,$f,$1a,$10,$19,$10,$1a,$11,$1b,$12,$1b,$12,$1c,$13,$1d
               18DD   09 12 09 13
               18E1   0A 14 0B 14
               18E5   0B 15 0C 16
               18E9   0C 16 0C 17
               18ED   0D 18 0E 18
               18F1   0E 19 0F 1A
               18F5   10 19 10 1A
               18F9   11 1B 12 1B
               18FD   12 1C 13 1D
    159        1901   14 1D 14 1E          FCB $14,$1d,$14,$1e,$14,$1f,$15,$1f,$16,$20,$16,$21,$17,$21,$18,$22,$18,$23,$19,$22,$1a,$23,$1a,$24,$1b,$25,$1c,$25,$1c,$26,$1d,$27,$1e,$27,$1d,$28,$1e,$29,$1f,$29
               1905   14 1F 15 1F
               1909   16 20 16 21
               190D   17 21 18 22
               1911   18 23 19 22
               1915   1A 23 1A 24
               1919   1B 25 1C 25
               191D   1C 26 1D 27
               1921   1E 27 1D 28
               1925   1E 29 1F 29
    160        1929   1F 2A 20 2B          FCB $1f,$2a,$20,$2b,$21,$2b,$21,$2b,$22,$2c,$23,$2c,$23,$2d,$24,$2e,$25,$2e,$25,$2f,$d,$e,$d,$e,$f,$f,$f,$10,$f,$10,$11,$10,$11,$12,$11,$12,$12,$12,$13,$13
               192D   21 2B 21 2B
               1931   22 2C 23 2C
               1935   23 2D 24 2E
               1939   25 2E 25 2F
               193D   0D 0E 0D 0E
               1941   0F 0F 0F 10
               1945   0F 10 11 10
               1949   11 12 11 12
               194D   12 12 13 13
    161        1951   13 14 14 14          FCB $13,$14,$14,$14,$15,$15,$15,$16,$16,$16,$16,$17,$17,$17,$18,$18,$18,$19,$18,$19,$1a,$1a,$1a,$1b,$1a,$1b,$1c,$1b,$1c,$1c,$1c,$1d,$1d,$1d,$1e,$1d,$1e,$1f,$1f,$1f
               1955   15 15 15 16
               1959   16 16 16 17
               195D   17 17 18 18
               1961   18 19 18 19
               1965   1A 1A 1A 1B
               1969   1A 1B 1C 1B
               196D   1C 1C 1C 1D
               1971   1D 1D 1E 1D
               1975   1E 1F 1F 1F
    162        1979   1F 1F 20 21          FCB $1f,$1f,$20,$21,$20,$21,$21,$21,$22,$22,$22,$23,$23,$23,$23,$24,$24,$24,$25,$25,$25,$26,$26,$26,$27,$27,$27,$28,$27,$28,$29,$28,$29,$2a,$29,$2a,$2a,$2a,$2b,$2c
               197D   20 21 21 21
               1981   22 22 22 23
               1985   23 23 23 24
               1989   24 24 25 25
               198D   25 26 26 26
               1991   27 27 27 28
               1995   27 28 29 28
               1999   29 2A 29 2A
               199D   2A 2A 2B 2C
    163        19A1   02 02 02 02          FCB $2,$2,$2,$2,$2,$2,$2,$2,$2,$2,$3,$3,$2,$2,$2,$2,$2,$2,$3,$3,$2,$2,$2,$2,$3,$3,$2,$2,$2,$2,$2,$2,$3,$3,$2,$2,$2,$2,$2,$2
               19A5   02 02 02 02
               19A9   02 02 03 03
               19AD   02 02 02 02
               19B1   02 02 03 03
               19B5   02 02 02 02
               19B9   03 03 02 02
               19BD   02 02 02 02
               19C1   03 03 02 02
               19C5   02 02 02 02
    164        19C9   02 02 02 02          FCB $2,$2,$2,$2,$2,$2,$3,$3,$2,$2,$2,$2,$2,$2,$3,$3,$2,$2,$2,$2,$2,$2,$2,$2,$2,$2,$2,$2,$3,$3,$2,$2,$2,$2,$2,$2,$3,$3,$2,$2
               19CD   02 02 03 03
               19D1   02 02 02 02
               19D5   02 02 03 03
               19D9   02 02 02 02
               19DD   02 02 02 02
               19E1   02 02 02 02
               19E5   03 03 02 02
               19E9   02 02 02 02
               19ED   03 03 02 02
    165        19F1   02 02 03 03          FCB $2,$2,$3,$3,$2,$2,$2,$2,$2,$2,$3,$3,$2,$2,$2,$2,$2,$2,$2,$2,$15,$d,$16,$e,$15,$d,$16,$e,$17,$f,$18,$f,$17,$f,$18,$10,$19,$11,$1a,$11
               19F5   02 02 02 02
               19F9   02 02 03 03
               19FD   02 02 02 02
               1A01   02 02 02 02
               1A05   15 0D 16 0E
               1A09   15 0D 16 0E
               1A0D   17 0F 18 0F
               1A11   17 0F 18 10
               1A15   19 11 1A 11
    166        1A19   19 11 1A 12          FCB $19,$11,$1a,$12,$1b,$12,$1b,$13,$1b,$13,$1c,$14,$1d,$14,$1d,$15,$1d,$15,$1e,$16,$1e,$16,$1f,$17,$1f,$17,$20,$17,$20,$18,$20,$19,$21,$19,$22,$19,$22,$1a,$22,$1b
               1A1D   1B 12 1B 13
               1A21   1B 13 1C 14
               1A25   1D 14 1D 15
               1A29   1D 15 1E 16
               1A2D   1E 16 1F 17
               1A31   1F 17 20 17
               1A35   20 18 20 19
               1A39   21 19 22 19
               1A3D   22 1A 22 1B
    167        1A41   23 1B 23 1B          FCB $23,$1b,$23,$1b,$24,$1c,$24,$1c,$25,$1c,$25,$1d,$26,$1e,$26,$1e,$27,$1e,$27,$1f,$28,$20,$28,$1f,$28,$20,$29,$21,$2a,$22,$2a,$21,$2a,$22,$2b,$23,$2c,$24,$2b,$23
               1A45   24 1C 24 1C
               1A49   25 1C 25 1D
               1A4D   26 1E 26 1E
               1A51   27 1E 27 1F
               1A55   28 20 28 1F
               1A59   28 20 29 21
               1A5D   2A 22 2A 21
               1A61   2A 22 2B 23
               1A65   2C 24 2B 23
    168        1A69   06 06 06 06          FCB $6,$6,$6,$6,$6,$6,$6,$6,$6,$6,$6,$6,$6,$6,$6,$6,$6,$6,$6,$6,$6,$6,$6,$6,$6,$6,$6,$6,$6,$6,$6,$6,$6,$6,$6,$6,$6,$6,$6,$6
               1A6D   06 06 06 06
               1A71   06 06 06 06
               1A75   06 06 06 06
               1A79   06 06 06 06
               1A7D   06 06 06 06
               1A81   06 06 06 06
               1A85   06 06 06 06
               1A89   06 06 06 06
               1A8D   06 06 06 06
    169        1A91   06 06 06 06          FCB $6,$6,$6,$6,$6,$6,$6,$6,$6,$6,$5,$5,$6,$6,$6,$6,$6,$6,$5,$5,$6,$6,$6,$6,$6,$6,$6,$6,$6,$6,$6,$6,$6,$6,$6,$6,$6,$6,$6,$6
               1A95   06 06 06 06
               1A99   06 06 05 05
               1A9D   06 06 06 06
               1AA1   06 06 05 05
               1AA5   06 06 06 06
               1AA9   06 06 06 06
               1AAD   06 06 06 06
               1AB1   06 06 06 06
               1AB5   06 06 06 06
    170        1AB9   06 06 06 06          FCB $6,$6,$6,$6,$6,$6,$6,$6,$6,$6,$6,$6,$6,$6,$6,$6,$6,$6,$6,$6,$6,$6,$6,$6,$6,$6,$6,$6,$6,$6,$6,$6,$6,$6,$6,$6,$6,$6,$6,$6
               1ABD   06 06 06 06
               1AC1   06 06 06 06
               1AC5   06 06 06 06
               1AC9   06 06 06 06
               1ACD   06 06 06 06
               1AD1   06 06 06 06
               1AD5   06 06 06 06
               1AD9   06 06 06 06
               1ADD   06 06 06 06
    171        1AE1   06 06 06 06          FCB $6,$6,$6,$6,$6,$6,$6,$6,$6,$6,$6,$6,$6,$6,$6,$6,$6,$6,$6,$6,$6,$6,$6,$6,$6,$6,$6,$6,$6,$6,$5,$5,$6,$6,$6,$6,$6,$6,$5,$5
               1AE5   06 06 06 06
               1AE9   06 06 06 06
               1AED   06 06 06 06
               1AF1   06 06 06 06
               1AF5   06 06 06 06
               1AF9   06 06 06 06
               1AFD   06 06 05 05
               1B01   06 06 06 06
               1B05   06 06 05 05
    172        1B09   06 06 06 06          FCB $6,$6,$6,$6,$6,$6,$6,$6,$6,$6,$6,$6,$6,$6,$6,$6,$6,$6,$6,$6,$6,$6,$6,$6,$6,$6,$6,$6,$6,$6,$6,$6,$6,$6,$6,$6,$6,$6,$6,$6
               1B0D   06 06 06 06
               1B11   06 06 06 06
               1B15   06 06 06 06
               1B19   06 06 06 06
               1B1D   06 06 06 06
               1B21   06 06 06 06
               1B25   06 06 06 06
               1B29   06 06 06 06
               1B2D   06 06 06 06
    173        1B31   0E 16 0E 17          FCB $e,$16,$e,$17,$e,$16,$f,$17,$f,$18,$10,$19,$10,$18,$11,$19,$11,$1a,$12,$1a,$12,$1a,$12,$1b,$13,$1b,$14,$1c,$14,$1c,$14,$1d,$15,$1d,$16,$1e,$15,$1e,$16,$1e
               1B35   0E 16 0F 17
               1B39   0F 18 10 19
               1B3D   10 18 11 19
               1B41   11 1A 12 1A
               1B45   12 1A 12 1B
               1B49   13 1B 14 1C
               1B4D   14 1C 14 1D
               1B51   15 1D 16 1E
               1B55   15 1E 16 1E
    174        1B59   17 1F 18 20          FCB $17,$1f,$18,$20,$17,$20,$18,$20,$19,$21,$19,$21,$19,$21,$1a,$22,$1a,$23,$1b,$23,$1b,$23,$1c,$24,$1c,$25,$1c,$24,$1d,$25,$1d,$26,$1e,$26,$1e,$26,$1f,$27,$1f,$28
               1B5D   17 20 18 20
               1B61   19 21 19 21
               1B65   19 21 1A 22
               1B69   1A 23 1B 23
               1B6D   1B 23 1C 24
               1B71   1C 25 1C 24
               1B75   1D 25 1D 26
               1B79   1E 26 1E 26
               1B7D   1F 27 1F 28
    175        1B81   20 28 20 28          FCB $20,$28,$20,$28,$20,$29,$21,$29,$22,$2a,$21,$2a,$22,$2b,$23,$2b,$24,$2c,$23,$2c,$2,$2,$3,$3,$2,$2,$2,$2,$3,$3,$3,$3,$2,$2,$2,$2,$3,$3,$2,$2
               1B85   20 29 21 29
               1B89   22 2A 21 2A
               1B8D   22 2B 23 2B
               1B91   24 2C 23 2C
               1B95   02 02 03 03
               1B99   02 02 02 02
               1B9D   03 03 03 03
               1BA1   02 02 02 02
               1BA5   03 03 02 02
    176        1BA9   02 02 03 03          FCB $2,$2,$3,$3,$2,$2,$2,$2,$2,$2,$3,$3,$2,$2,$2,$2,$3,$3,$2,$2,$2,$2,$2,$2,$3,$3,$2,$2,$2,$2,$3,$3,$2,$2,$2,$2,$3,$3,$3,$3
               1BAD   02 02 02 02
               1BB1   02 02 03 03
               1BB5   02 02 02 02
               1BB9   03 03 02 02
               1BBD   02 02 02 02
               1BC1   03 03 02 02
               1BC5   02 02 03 03
               1BC9   02 02 02 02
               1BCD   03 03 03 03
    177        1BD1   02 02 02 02          FCB $2,$2,$2,$2,$3,$3,$2,$2,$2,$2,$3,$3,$2,$2,$2,$2,$2,$2,$3,$3,$2,$2,$2,$2,$3,$3,$2,$2,$2,$2,$3,$3,$3,$3,$2,$2,$2,$2,$3,$3
               1BD5   03 03 02 02
               1BD9   02 02 03 03
               1BDD   02 02 02 02
               1BE1   02 02 03 03
               1BE5   02 02 02 02
               1BE9   03 03 02 02
               1BED   02 02 03 03
               1BF1   03 03 02 02
               1BF5   02 02 03 03
    178        1BF9   0C 0D 0C 0E          FCB $c,$d,$c,$e,$e,$e,$e,$e,$e,$10,$e,$10,$f,$10,$f,$10,$f,$11,$11,$11,$11,$12,$11,$13,$12,$13,$12,$13,$12,$13,$13,$14,$14,$14,$14,$15,$14,$16,$15,$16
               1BFD   0E 0E 0E 0E
               1C01   0E 10 0E 10
               1C05   0F 10 0F 10
               1C09   0F 11 11 11
               1C0D   11 12 11 13
               1C11   12 13 12 13
               1C15   12 13 13 14
               1C19   14 14 14 15
               1C1D   14 16 15 16
    179        1C21   15 16 16 16          FCB $15,$16,$16,$16,$16,$17,$17,$18,$17,$18,$17,$19,$18,$19,$18,$19,$19,$1a,$19,$1b,$1a,$1b,$1a,$1b,$1a,$1c,$1b,$1c,$1c,$1c,$1c,$1d,$1d,$1e,$1d,$1e,$1d,$1e,$1d,$1f
               1C25   16 17 17 18
               1C29   17 18 17 19
               1C2D   18 19 18 19
               1C31   19 1A 19 1B
               1C35   1A 1B 1A 1B
               1C39   1A 1C 1B 1C
               1C3D   1C 1C 1C 1D
               1C41   1D 1E 1D 1E
               1C45   1D 1E 1D 1F
    180        1C49   1E 1F 1F 1F          FCB $1e,$1f,$1f,$1f,$1f,$21,$20,$21,$20,$21,$20,$22,$20,$22,$22,$22,$22,$22,$22,$24,$12,$a,$13,$b,$14,$b,$15,$c,$15,$d,$16,$e,$17,$f,$18,$10,$19,$10,$1a,$10
               1C4D   1F 21 20 21
               1C51   20 21 20 22
               1C55   20 22 22 22
               1C59   22 22 22 24
               1C5D   12 0A 13 0B
               1C61   14 0B 15 0C
               1C65   15 0D 16 0E
               1C69   17 0F 18 10
               1C6D   19 10 1A 10
    181        1C71   1A 11 1B 12          FCB $1a,$11,$1b,$12,$1c,$13,$1d,$14,$1d,$15,$1e,$15,$1f,$16,$1f,$17,$20,$18,$21,$19,$22,$1a,$23,$1a,$24,$1a,$24,$1b,$25,$1c,$26,$1d,$27,$1e,$28,$1f,$29,$1f,$28,$20
               1C75   1C 13 1D 14
               1C79   1D 15 1E 15
               1C7D   1F 16 1F 17
               1C81   20 18 21 19
               1C85   22 1A 23 1A
               1C89   24 1A 24 1B
               1C8D   25 1C 26 1D
               1C91   27 1E 28 1F
               1C95   29 1F 28 20
    182        1C99   29 21 2A 22          FCB $29,$21,$2a,$22,$2b,$23,$2c,$24,$2d,$24,$2e,$25,$2e,$26,$2f,$26,$30,$27,$31,$28,$32,$29,$33,$29,$33,$2a,$33,$2b,$34,$2c,$35,$2d,$36,$2e,$37,$2e,$38,$2f,$38,$30
               1C9D   2B 23 2C 24
               1CA1   2D 24 2E 25
               1CA5   2E 26 2F 26
               1CA9   30 27 31 28
               1CAD   32 29 33 29
               1CB1   33 2A 33 2B
               1CB5   34 2C 35 2D
               1CB9   36 2E 37 2E
               1CBD   38 2F 38 30
    183        1CC1                    LINE_ENEMY_CMD
    184        1CC1   15 17 15 17          FCB $15,$17,$15,$17,$15,$17,$15,$17,$15,$17,$15,$17,$15,$17,$15,$17,$15,$17,$15,$17,$15,$17,$15,$17,$15,$17,$15,$17,$15,$17,$15,$17,$15,$17,$15,$17,$15,$17,$15,$17
               1CC5   15 17 15 17
               1CC9   15 17 15 17
               1CCD   15 17 15 17
               1CD1   15 17 15 17
               1CD5   15 17 15 17
               1CD9   15 17 15 17
               1CDD   15 17 15 17
               1CE1   15 17 15 17
               1CE5   15 17 15 17
    185        1CE9   15 17 15 17          FCB $15,$17,$15,$17,$15,$17,$15,$17,$15,$17,$15,$17,$15,$17,$15,$17,$15,$17,$15,$17,$15,$17,$15,$17,$15,$17,$15,$17,$15,$17,$15,$17,$15,$17,$15,$17,$15,$17,$15,$17
               1CED   15 17 15 17
               1CF1   15 17 15 17
               1CF5   15 17 15 17
               1CF9   15 17 15 17
               1CFD   15 17 15 17
               1D01   15 17 15 17
               1D05   15 17 15 17
               1D09   15 17 15 17
               1D0D   15 17 15 17
    186        1D11   15 17 15 17          FCB $15,$17,$15,$17,$15,$17,$15,$17,$15,$17,$15,$17,$15,$17,$15,$17,$15,$17,$15,$17,$17,$13,$17,$13,$17,$13,$17,$13,$17,$13,$17,$13,$17,$13,$17,$13,$17,$13,$17,$13
               1D15   15 17 15 17
               1D19   15 17 15 17
               1D1D   15 17 15 17
               1D21   15 17 15 17
               1D25   17 13 17 13
               1D29   17 13 17 13
               1D2D   17 13 17 13
               1D31   17 13 17 13
               1D35   17 13 17 13
    187        1D39   17 13 17 13          FCB $17,$13,$17,$13,$17,$13,$17,$13,$17,$13,$17,$13,$17,$13,$17,$13,$17,$13,$17,$13,$17,$13,$17,$13,$17,$13,$17,$13,$17,$13,$17,$13,$17,$13,$17,$13,$17,$13,$17,$13
               1D3D   17 13 17 13
               1D41   17 13 17 13
               1D45   17 13 17 13
               1D49   17 13 17 13
               1D4D   17 13 17 13
               1D51   17 13 17 13
               1D55   17 13 17 13
               1D59   17 13 17 13
               1D5D   17 13 17 13
    188        1D61   17 13 17 13          FCB $17,$13,$17,$13,$17,$13,$17,$13,$17,$13,$17,$13,$17,$13,$17,$13,$17,$13,$17,$13,$17,$13,$17,$13,$17,$13,$17,$13,$17,$13,$17,$13,$17,$13,$17,$13,$17,$13,$17,$13
               1D65   17 13 17 13
               1D69   17 13 17 13
               1D6D   17 13 17 13
               1D71   17 13 17 13
               1D75   17 13 17 13
               1D79   17 13 17 13
               1D7D   17 13 17 13
               1D81   17 13 17 13
               1D85   17 13 17 13
    189        1D89   15 17 15 17          FCB $15,$17,$15,$17,$15,$17,$15,$17,$15,$17,$15,$17,$15,$17,$15,$17,$15,$17,$15,$17,$15,$17,$15,$17,$15,$17,$15,$17,$15,$17,$15,$17,$15,$17,$15,$17,$15,$17,$15,$17
               1D8D   15 17 15 17
               1D91   15 17 15 17
               1D95   15 17 15 17
               1D99   15 17 15 17
               1D9D   15 17 15 17
               1DA1   15 17 15 17
               1DA5   15 17 15 17
               1DA9   15 17 15 17
               1DAD   15 17 15 17
    190        1DB1   15 17 15 17          FCB $15,$17,$15,$17,$15,$17,$15,$17,$15,$17,$15,$17,$15,$17,$15,$17,$15,$17,$15,$17,$15,$17,$15,$17,$15,$17,$15,$17,$15,$17,$15,$17,$15,$17,$15,$17,$15,$17,$15,$17
               1DB5   15 17 15 17
               1DB9   15 17 15 17
               1DBD   15 17 15 17
               1DC1   15 17 15 17
               1DC5   15 17 15 17
               1DC9   15 17 15 17
               1DCD   15 17 15 17
               1DD1   15 17 15 17
               1DD5   15 17 15 17
    191        1DD9   15 17 15 17          FCB $15,$17,$15,$17,$15,$17,$15,$17,$15,$17,$15,$17,$15,$17,$15,$17,$15,$17,$15,$17,$15,$17,$15,$17,$15,$17,$15,$17,$15,$17,$15,$17,$15,$17,$15,$17,$15,$17,$15,$17
               1DDD   15 17 15 17
               1DE1   15 17 15 17
               1DE5   15 17 15 17
               1DE9   15 17 15 17
               1DED   15 17 15 17
               1DF1   15 17 15 17
               1DF5   15 17 15 17
               1DF9   15 17 15 17
               1DFD   15 17 15 17
    192        1E01   15 17 15 17          FCB $15,$17,$15,$17,$15,$17,$15,$17,$15,$17,$15,$17,$15,$17,$15,$17,$15,$17,$15,$17,$15,$17,$15,$17,$15,$17,$15,$17,$15,$17,$15,$17,$15,$17,$15,$17,$15,$17,$15,$17
               1E05   15 17 15 17
               1E09   15 17 15 17
               1E0D   15 17 15 17
               1E11   15 17 15 17
               1E15   15 17 15 17
               1E19   15 17 15 17
               1E1D   15 17 15 17
               1E21   15 17 15 17
               1E25   15 17 15 17
    193        1E29   15 17 15 17          FCB $15,$17,$15,$17,$15,$17,$15,$17,$15,$17,$15,$17,$15,$17,$15,$17,$15,$17,$15,$17,$15,$17,$15,$17,$15,$17,$15,$17,$15,$17,$15,$17,$15,$17,$15,$17,$15,$17,$15,$17
               1E2D   15 17 15 17
               1E31   15 17 15 17
               1E35   15 17 15 17
               1E39   15 17 15 17
               1E3D   15 17 15 17
               1E41   15 17 15 17
               1E45   15 17 15 17
               1E49   15 17 15 17
               1E4D   15 17 15 17
    194        1E51   11 15 11 15          FCB $11,$15,$11,$15,$11,$15,$11,$15,$11,$15,$11,$15,$11,$15,$11,$15,$11,$15,$11,$15,$11,$15,$11,$15,$11,$15,$11,$15,$11,$15,$11,$15,$11,$15,$11,$15,$11,$15,$11,$15
               1E55   11 15 11 15
               1E59   11 15 11 15
               1E5D   11 15 11 15
               1E61   11 15 11 15
               1E65   11 15 11 15
               1E69   11 15 11 15
               1E6D   11 15 11 15
               1E71   11 15 11 15
               1E75   11 15 11 15
    195        1E79   11 15 11 15          FCB $11,$15,$11,$15,$11,$15,$11,$15,$11,$15,$11,$15,$11,$15,$11,$15,$11,$15,$11,$15,$11,$15,$11,$15,$11,$15,$11,$15,$11,$15,$11,$15,$11,$15,$11,$15,$11,$15,$11,$15
               1E7D   11 15 11 15
               1E81   11 15 11 15
               1E85   11 15 11 15
               1E89   11 15 11 15
               1E8D   11 15 11 15
               1E91   11 15 11 15
               1E95   11 15 11 15
               1E99   11 15 11 15
               1E9D   11 15 11 15
    196        1EA1   11 15 11 15          FCB $11,$15,$11,$15,$11,$15,$11,$15,$11,$15,$11,$15,$11,$15,$11,$15,$11,$15,$11,$15,$15,$17,$15,$17,$15,$17,$15,$17,$15,$17,$15,$17,$15,$17,$15,$17,$15,$17,$15,$17
               1EA5   11 15 11 15
               1EA9   11 15 11 15
               1EAD   11 15 11 15
               1EB1   11 15 11 15
               1EB5   15 17 15 17
               1EB9   15 17 15 17
               1EBD   15 17 15 17
               1EC1   15 17 15 17
               1EC5   15 17 15 17
    197        1EC9   15 17 15 17          FCB $15,$17,$15,$17,$15,$17,$15,$17,$15,$17,$15,$17,$15,$17,$15,$17,$15,$17,$15,$17,$15,$17,$15,$17,$15,$17,$15,$17,$15,$17,$15,$17,$15,$17,$15,$17,$15,$17,$15,$17
               1ECD   15 17 15 17
               1ED1   15 17 15 17
               1ED5   15 17 15 17
               1ED9   15 17 15 17
               1EDD   15 17 15 17
               1EE1   15 17 15 17
               1EE5   15 17 15 17
               1EE9   15 17 15 17
               1EED   15 17 15 17
    198        1EF1   15 17 15 17          FCB $15,$17,$15,$17,$15,$17,$15,$17,$15,$17,$15,$17,$15,$17,$15,$17,$15,$17,$15,$17,$15,$17,$15,$17,$15,$17,$15,$17,$15,$17,$15,$17,$15,$17,$15,$17,$15,$17,$15,$17
               1EF5   15 17 15 17
               1EF9   15 17 15 17
               1EFD   15 17 15 17
               1F01   15 17 15 17
               1F05   15 17 15 17
               1F09   15 17 15 17
               1F0D   15 17 15 17
               1F11   15 17 15 17
               1F15   15 17 15 17
    199        1F19   11 15 11 15          FCB $11,$15,$11,$15,$11,$15,$11,$15,$11,$15,$11,$15,$11,$15,$11,$15,$11,$15,$11,$15,$11,$15,$11,$15,$11,$15,$11,$15,$11,$15,$11,$15,$11,$15,$11,$15,$11,$15,$11,$15
               1F1D   11 15 11 15
               1F21   11 15 11 15
               1F25   11 15 11 15
               1F29   11 15 11 15
               1F2D   11 15 11 15
               1F31   11 15 11 15
               1F35   11 15 11 15
               1F39   11 15 11 15
               1F3D   11 15 11 15
    200        1F41   11 15 11 15          FCB $11,$15,$11,$15,$11,$15,$11,$15,$11,$15,$11,$15,$11,$15,$11,$15,$11,$15,$11,$15,$11,$15,$11,$15,$11,$15,$11,$15,$11,$15,$11,$15,$11,$15,$11,$15,$11,$15,$11,$15
               1F45   11 15 11 15
               1F49   11 15 11 15
               1F4D   11 15 11 15
               1F51   11 15 11 15
               1F55   11 15 11 15
               1F59   11 15 11 15
               1F5D   11 15 11 15
               1F61   11 15 11 15
               1F65   11 15 11 15
    201        1F69   11 15 11 15          FCB $11,$15,$11,$15,$11,$15,$11,$15,$11,$15,$11,$15,$11,$15,$11,$15,$11,$15,$11,$15,$11,$15,$11,$15,$11,$15,$11,$15,$11,$15,$11,$15,$11,$15,$11,$15,$11,$15,$11,$15
               1F6D   11 15 11 15
               1F71   11 15 11 15
               1F75   11 15 11 15
               1F79   11 15 11 15
               1F7D   11 15 11 15
               1F81   11 15 11 15
               1F85   11 15 11 15
               1F89   11 15 11 15
               1F8D   11 15 11 15
    202        1F91   11 15 11 15          FCB $11,$15,$11,$15,$11,$15,$11,$15,$11,$15,$11,$15,$11,$15,$11,$15,$11,$15,$11,$15,$11,$15,$11,$15,$11,$15,$11,$15,$11,$15,$11,$15,$11,$15,$11,$15,$11,$15,$11,$15
               1F95   11 15 11 15
               1F99   11 15 11 15
               1F9D   11 15 11 15
               1FA1   11 15 11 15
               1FA5   11 15 11 15
               1FA9   11 15 11 15
               1FAD   11 15 11 15
               1FB1   11 15 11 15
               1FB5   11 15 11 15
    203        1FB9   11 15 11 15          FCB $11,$15,$11,$15,$11,$15,$11,$15,$11,$15,$11,$15,$11,$15,$11,$15,$11,$15,$11,$15,$11,$15,$11,$15,$11,$15,$11,$15,$11,$15,$11,$15,$11,$15,$11,$15,$11,$15,$11,$15
               1FBD   11 15 11 15
               1FC1   11 15 11 15
               1FC5   11 15 11 15
               1FC9   11 15 11 15
               1FCD   11 15 11 15
               1FD1   11 15 11 15
               1FD5   11 15 11 15
               1FD9   11 15 11 15
               1FDD   11 15 11 15
    204        1FE1   13 11 13 11          FCB $13,$11,$13,$11,$13,$11,$13,$11,$13,$11,$13,$11,$13,$11,$13,$11,$13,$11,$13,$11,$13,$11,$13,$11,$13,$11,$13,$11,$13,$11,$13,$11,$13,$11,$13,$11,$13,$11,$13,$11
               1FE5   13 11 13 11
               1FE9   13 11 13 11
               1FED   13 11 13 11
               1FF1   13 11 13 11
               1FF5   13 11 13 11
               1FF9   13 11 13 11
               1FFD   13 11 13 11
               2001   13 11 13 11
               2005   13 11 13 11
    205        2009   13 11 13 11          FCB $13,$11,$13,$11,$13,$11,$13,$11,$13,$11,$13,$11,$13,$11,$13,$11,$13,$11,$13,$11,$13,$11,$13,$11,$13,$11,$13,$11,$13,$11,$13,$11,$13,$11,$13,$11,$13,$11,$13,$11
               200D   13 11 13 11
               2011   13 11 13 11
               2015   13 11 13 11
               2019   13 11 13 11
               201D   13 11 13 11
               2021   13 11 13 11
               2025   13 11 13 11
               2029   13 11 13 11
               202D   13 11 13 11
    206        2031   13 11 13 11          FCB $13,$11,$13,$11,$13,$11,$13,$11,$13,$11,$13,$11,$13,$11,$13,$11,$13,$11,$13,$11,$11,$15,$11,$15,$11,$15,$11,$15,$11,$15,$11,$15,$11,$15,$11,$15,$11,$15,$11,$15
               2035   13 11 13 11
               2039   13 11 13 11
               203D   13 11 13 11
               2041   13 11 13 11
               2045   11 15 11 15
               2049   11 15 11 15
               204D   11 15 11 15
               2051   11 15 11 15
               2055   11 15 11 15
    207        2059   11 15 11 15          FCB $11,$15,$11,$15,$11,$15,$11,$15,$11,$15,$11,$15,$11,$15,$11,$15,$11,$15,$11,$15,$11,$15,$11,$15,$11,$15,$11,$15,$11,$15,$11,$15,$11,$15,$11,$15,$11,$15,$11,$15
               205D   11 15 11 15
               2061   11 15 11 15
               2065   11 15 11 15
               2069   11 15 11 15
               206D   11 15 11 15
               2071   11 15 11 15
               2075   11 15 11 15
               2079   11 15 11 15
               207D   11 15 11 15
    208        2081   11 15 11 15          FCB $11,$15,$11,$15,$11,$15,$11,$15,$11,$15,$11,$15,$11,$15,$11,$15,$11,$15,$11,$15,$11,$15,$11,$15,$11,$15,$11,$15,$11,$15,$11,$15,$11,$15,$11,$15,$11,$15,$11,$15
               2085   11 15 11 15
               2089   11 15 11 15
               208D   11 15 11 15
               2091   11 15 11 15
               2095   11 15 11 15
               2099   11 15 11 15
               209D   11 15 11 15
               20A1   11 15 11 15
               20A5   11 15 11 15
    209        20A9   13 11 13 11          FCB $13,$11,$13,$11,$13,$11,$13,$11,$13,$11,$13,$11,$13,$11,$13,$11,$13,$11,$13,$11,$13,$11,$13,$11,$13,$11,$13,$11,$13,$11,$13,$11,$13,$11,$13,$11,$13,$11,$13,$11
               20AD   13 11 13 11
               20B1   13 11 13 11
               20B5   13 11 13 11
               20B9   13 11 13 11
               20BD   13 11 13 11
               20C1   13 11 13 11
               20C5   13 11 13 11
               20C9   13 11 13 11
               20CD   13 11 13 11
    210        20D1   13 11 13 11          FCB $13,$11,$13,$11,$13,$11,$13,$11,$13,$11,$13,$11,$13,$11,$13,$11,$13,$11,$13,$11,$13,$11,$13,$11,$13,$11,$13,$11,$13,$11,$13,$11,$13,$11,$13,$11,$13,$11,$13,$11
               20D5   13 11 13 11
               20D9   13 11 13 11
               20DD   13 11 13 11
               20E1   13 11 13 11
               20E5   13 11 13 11
               20E9   13 11 13 11
               20ED   13 11 13 11
               20F1   13 11 13 11
               20F5   13 11 13 11
    211        20F9   13 11 13 11          FCB $13,$11,$13,$11,$13,$11,$13,$11,$13,$11,$13,$11,$13,$11,$13,$11,$13,$11,$13,$11,$13,$11,$13,$11,$13,$11,$13,$11,$13,$11,$13,$11,$13,$11,$13,$11,$13,$11,$13,$11
               20FD   13 11 13 11
               2101   13 11 13 11
               2105   13 11 13 11
               2109   13 11 13 11
               210D   13 11 13 11
               2111   13 11 13 11
               2115   13 11 13 11
               2119   13 11 13 11
               211D   13 11 13 11
    212        2121   13 11 13 11          FCB $13,$11,$13,$11,$13,$11,$13,$11,$13,$11,$13,$11,$13,$11,$13,$11,$13,$11,$13,$11,$13,$11,$13,$11,$13,$11,$13,$11,$13,$11,$13,$11,$13,$11,$13,$11,$13,$11,$13,$11
               2125   13 11 13 11
               2129   13 11 13 11
               212D   13 11 13 11
               2131   13 11 13 11
               2135   13 11 13 11
               2139   13 11 13 11
               213D   13 11 13 11
               2141   13 11 13 11
               2145   13 11 13 11
    213        2149   13 11 13 11          FCB $13,$11,$13,$11,$13,$11,$13,$11,$13,$11,$13,$11,$13,$11,$13,$11,$13,$11,$13,$11,$13,$11,$13,$11,$13,$11,$13,$11,$13,$11,$13,$11,$13,$11,$13,$11,$13,$11,$13,$11
               214D   13 11 13 11
               2151   13 11 13 11
               2155   13 11 13 11
               2159   13 11 13 11
               215D   13 11 13 11
               2161   13 11 13 11
               2165   13 11 13 11
               2169   13 11 13 11
               216D   13 11 13 11
    214        2171   17 13 17 13          FCB $17,$13,$17,$13,$17,$13,$17,$13,$17,$13,$17,$13,$17,$13,$17,$13,$17,$13,$17,$13,$17,$13,$17,$13,$17,$13,$17,$13,$17,$13,$17,$13,$17,$13,$17,$13,$17,$13,$17,$13
               2175   17 13 17 13
               2179   17 13 17 13
               217D   17 13 17 13
               2181   17 13 17 13
               2185   17 13 17 13
               2189   17 13 17 13
               218D   17 13 17 13
               2191   17 13 17 13
               2195   17 13 17 13
    215        2199   17 13 17 13          FCB $17,$13,$17,$13,$17,$13,$17,$13,$17,$13,$17,$13,$17,$13,$17,$13,$17,$13,$17,$13,$17,$13,$17,$13,$17,$13,$17,$13,$17,$13,$17,$13,$17,$13,$17,$13,$17,$13,$17,$13
               219D   17 13 17 13
               21A1   17 13 17 13
               21A5   17 13 17 13
               21A9   17 13 17 13
               21AD   17 13 17 13
               21B1   17 13 17 13
               21B5   17 13 17 13
               21B9   17 13 17 13
               21BD   17 13 17 13
    216        21C1   17 13 17 13          FCB $17,$13,$17,$13,$17,$13,$17,$13,$17,$13,$17,$13,$17,$13,$17,$13,$17,$13,$17,$13,$13,$11,$13,$11,$13,$11,$13,$11,$13,$11,$13,$11,$13,$11,$13,$11,$13,$11,$13,$11
               21C5   17 13 17 13
               21C9   17 13 17 13
               21CD   17 13 17 13
               21D1   17 13 17 13
               21D5   13 11 13 11
               21D9   13 11 13 11
               21DD   13 11 13 11
               21E1   13 11 13 11
               21E5   13 11 13 11
    217        21E9   13 11 13 11          FCB $13,$11,$13,$11,$13,$11,$13,$11,$13,$11,$13,$11,$13,$11,$13,$11,$13,$11,$13,$11,$13,$11,$13,$11,$13,$11,$13,$11,$13,$11,$13,$11,$13,$11,$13,$11,$13,$11,$13,$11
               21ED   13 11 13 11
               21F1   13 11 13 11
               21F5   13 11 13 11
               21F9   13 11 13 11
               21FD   13 11 13 11
               2201   13 11 13 11
               2205   13 11 13 11
               2209   13 11 13 11
               220D   13 11 13 11
    218        2211   13 11 13 11          FCB $13,$11,$13,$11,$13,$11,$13,$11,$13,$11,$13,$11,$13,$11,$13,$11,$13,$11,$13,$11,$13,$11,$13,$11,$13,$11,$13,$11,$13,$11,$13,$11,$13,$11,$13,$11,$13,$11,$13,$11
               2215   13 11 13 11
               2219   13 11 13 11
               221D   13 11 13 11
               2221   13 11 13 11
               2225   13 11 13 11
               2229   13 11 13 11
               222D   13 11 13 11
               2231   13 11 13 11
               2235   13 11 13 11
    219        2239   17 13 17 13          FCB $17,$13,$17,$13,$17,$13,$17,$13,$17,$13,$17,$13,$17,$13,$17,$13,$17,$13,$17,$13,$17,$13,$17,$13,$17,$13,$17,$13,$17,$13,$17,$13,$17,$13,$17,$13,$17,$13,$17,$13
               223D   17 13 17 13
               2241   17 13 17 13
               2245   17 13 17 13
               2249   17 13 17 13
               224D   17 13 17 13
               2251   17 13 17 13
               2255   17 13 17 13
               2259   17 13 17 13
               225D   17 13 17 13
    220        2261   17 13 17 13          FCB $17,$13,$17,$13,$17,$13,$17,$13,$17,$13,$17,$13,$17,$13,$17,$13,$17,$13,$17,$13,$17,$13,$17,$13,$17,$13,$17,$13,$17,$13,$17,$13,$17,$13,$17,$13,$17,$13,$17,$13
               2265   17 13 17 13
               2269   17 13 17 13
               226D   17 13 17 13
               2271   17 13 17 13
               2275   17 13 17 13
               2279   17 13 17 13
               227D   17 13 17 13
               2281   17 13 17 13
               2285   17 13 17 13
    221        2289   17 13 17 13          FCB $17,$13,$17,$13,$17,$13,$17,$13,$17,$13,$17,$13,$17,$13,$17,$13,$17,$13,$17,$13,$17,$13,$17,$13,$17,$13,$17,$13,$17,$13,$17,$13,$17,$13,$17,$13,$17,$13,$17,$13
               228D   17 13 17 13
               2291   17 13 17 13
               2295   17 13 17 13
               2299   17 13 17 13
               229D   17 13 17 13
               22A1   17 13 17 13
               22A5   17 13 17 13
               22A9   17 13 17 13
               22AD   17 13 17 13
    222        22B1   17 13 17 13          FCB $17,$13,$17,$13,$17,$13,$17,$13,$17,$13,$17,$13,$17,$13,$17,$13,$17,$13,$17,$13,$17,$13,$17,$13,$17,$13,$17,$13,$17,$13,$17,$13,$17,$13,$17,$13,$17,$13,$17,$13
               22B5   17 13 17 13
               22B9   17 13 17 13
               22BD   17 13 17 13
               22C1   17 13 17 13
               22C5   17 13 17 13
               22C9   17 13 17 13
               22CD   17 13 17 13
               22D1   17 13 17 13
               22D5   17 13 17 13
    223        22D9   17 13 17 13          FCB $17,$13,$17,$13,$17,$13,$17,$13,$17,$13,$17,$13,$17,$13,$17,$13,$17,$13,$17,$13,$17,$13,$17,$13,$17,$13,$17,$13,$17,$13,$17,$13,$17,$13,$17,$13,$17,$13,$17,$13
               22DD   17 13 17 13
               22E1   17 13 17 13
               22E5   17 13 17 13
               22E9   17 13 17 13
               22ED   17 13 17 13
               22F1   17 13 17 13
               22F5   17 13 17 13
               22F9   17 13 17 13
               22FD   17 13 17 13
    224        2301                    LINE_MISSILE_X1
    225        2301   46 45 47 47          FCB $46,$45,$47,$47,$48,$47,$49,$48,$4a,$49,$4b,$4a,$4c,$4b,$4c,$4c,$4d,$4d,$4e,$4e,$4f,$4f,$50,$4f,$51,$51,$52,$51,$53,$53,$54,$53,$55,$54,$56,$55,$57,$56,$58,$57
               2305   48 47 49 48
               2309   4A 49 4B 4A
               230D   4C 4B 4C 4C
               2311   4D 4D 4E 4E
               2315   4F 4F 50 4F
               2319   51 51 52 51
               231D   53 53 54 53
               2321   55 54 56 55
               2325   57 56 58 57
    226        2329   59 58 5A 59          FCB $59,$58,$5a,$59,$5a,$5a,$5b,$5b,$5c,$5b,$5d,$5d,$5e,$5d,$5f,$5f,$60,$5f,$61,$61,$62,$61,$63,$62,$64,$63,$65,$64,$66,$65,$67,$66,$67,$67,$68,$68,$69,$69,$6a,$69
               232D   5A 5A 5B 5B
               2331   5C 5B 5D 5D
               2335   5E 5D 5F 5F
               2339   60 5F 61 61
               233D   62 61 63 62
               2341   64 63 65 64
               2345   66 65 67 66
               2349   67 67 68 68
               234D   69 69 6A 69
    227        2351   6B 6B 6C 6B          FCB $6b,$6b,$6c,$6b,$6d,$6d,$6e,$6d,$6f,$6f,$70,$6f,$71,$70,$72,$71,$73,$72,$74,$73,$5e,$5e,$5f,$5f,$5f,$5f,$60,$5f,$60,$61,$61,$61,$62,$61,$62,$63,$63,$63,$63,$63
               2355   6D 6D 6E 6D
               2359   6F 6F 70 6F
               235D   71 70 72 71
               2361   73 72 74 73
               2365   5E 5E 5F 5F
               2369   5F 5F 60 5F
               236D   60 61 61 61
               2371   62 61 62 63
               2375   63 63 63 63
    228        2379   64 64 65 65          FCB $64,$64,$65,$65,$65,$65,$66,$65,$66,$67,$67,$67,$68,$67,$68,$69,$69,$69,$69,$69,$6a,$6b,$6b,$6b,$6b,$6b,$6c,$6b,$6d,$6d,$6d,$6d,$6e,$6d,$6e,$6f,$6f,$6f,$70,$6f
               237D   65 65 66 65
               2381   66 67 67 67
               2385   68 67 68 69
               2389   69 69 69 69
               238D   6A 6B 6B 6B
               2391   6B 6B 6C 6B
               2395   6D 6D 6D 6D
               2399   6E 6D 6E 6F
               239D   6F 6F 70 6F
    229        23A1   70 71 71 71          FCB $70,$71,$71,$71,$71,$71,$72,$72,$73,$73,$73,$73,$74,$73,$74,$75,$75,$75,$76,$75,$76,$77,$77,$77,$77,$77,$78,$78,$79,$79,$79,$79,$7a,$79,$7a,$7b,$7b,$7b,$7c,$7b
               23A5   71 71 72 72
               23A9   73 73 73 73
               23AD   74 73 74 75
               23B1   75 75 76 75
               23B5   76 77 77 77
               23B9   77 77 78 78
               23BD   79 79 79 79
               23C1   7A 79 7A 7B
               23C5   7B 7B 7C 7B
    230        23C9   71 71 72 71          FCB $71,$71,$72,$71,$72,$72,$72,$72,$73,$73,$73,$73,$73,$73,$74,$73,$74,$73,$74,$74,$75,$75,$75,$75,$75,$75,$76,$75,$76,$76,$76,$77,$77,$77,$77,$77,$77,$77,$78,$77
               23CD   72 72 72 72
               23D1   73 73 73 73
               23D5   73 73 74 73
               23D9   74 73 74 74
               23DD   75 75 75 75
               23E1   75 75 76 75
               23E5   76 76 76 77
               23E9   77 77 77 77
               23ED   77 77 78 77
    231        23F1   78 78 78 78          FCB $78,$78,$78,$78,$79,$79,$79,$79,$79,$79,$7a,$79,$7a,$79,$7a,$7a,$7b,$7b,$7b,$7b,$7b,$7b,$7c,$7b,$7c,$7c,$7c,$7d,$7d,$7d,$7d,$7d,$7d,$7d,$7e,$7d,$7e,$7e,$7e,$7e
               23F5   79 79 79 79
               23F9   79 79 7A 79
               23FD   7A 79 7A 7A
               2401   7B 7B 7B 7B
               2405   7B 7B 7C 7B
               2409   7C 7C 7C 7D
               240D   7D 7D 7D 7D
               2411   7D 7D 7E 7D
               2415   7E 7E 7E 7E
    232        2419   7F 7F 7F 7F          FCB $7f,$7f,$7f,$7f,$7f,$7f,$80,$80,$80,$80,$80,$81,$81,$81,$81,$81,$81,$81,$82,$81,$98,$98,$98,$98,$98,$97,$98,$97,$97,$97,$97,$97,$97,$97,$97,$97,$97,$97,$97,$97
               241D   7F 7F 80 80
               2421   80 80 80 81
               2425   81 81 81 81
               2429   81 81 82 81
               242D   98 98 98 98
               2431   98 97 98 97
               2435   97 97 97 97
               2439   97 97 97 97
               243D   97 97 97 97
    233        2441   96 97 96 97          FCB $96,$97,$96,$97,$96,$96,$96,$96,$96,$95,$96,$95,$95,$95,$95,$95,$95,$95,$95,$95,$95,$95,$94,$95,$94,$95,$94,$95,$94,$94,$94,$94,$94,$94,$93,$93,$93,$93,$93,$93
               2445   96 96 96 96
               2449   96 95 96 95
               244D   95 95 95 95
               2451   95 95 95 95
               2455   95 95 94 95
               2459   94 95 94 95
               245D   94 94 94 94
               2461   94 94 93 93
               2465   93 93 93 93
    234        2469   93 93 93 93          FCB $93,$93,$93,$93,$93,$93,$92,$93,$92,$92,$92,$92,$92,$92,$92,$92,$92,$92,$91,$91,$91,$91,$91,$91,$91,$91,$91,$91,$91,$91,$90,$91,$90,$90,$90,$90,$90,$8f,$90,$8f
               246D   93 93 92 93
               2471   92 92 92 92
               2475   92 92 92 92
               2479   92 92 91 91
               247D   91 91 91 91
               2481   91 91 91 91
               2485   91 91 90 91
               2489   90 90 90 90
               248D   90 8F 90 8F
    235        2491   AA AA AA A9          FCB $aa,$aa,$aa,$a9,$a9,$a9,$a9,$a9,$a8,$a9,$a8,$a8,$a7,$a7,$a7,$a7,$a7,$a7,$a6,$a7,$a6,$a5,$a5,$a5,$a5,$a5,$a5,$a5,$a4,$a4,$a4,$a3,$a3,$a3,$a3,$a3,$a2,$a3,$a2,$a2
               2495   A9 A9 A9 A9
               2499   A8 A9 A8 A8
               249D   A7 A7 A7 A7
               24A1   A7 A7 A6 A7
               24A5   A6 A5 A5 A5
               24A9   A5 A5 A5 A5
               24AD   A4 A4 A4 A3
               24B1   A3 A3 A3 A3
               24B5   A2 A3 A2 A2
    236        24B9   A2 A1 A1 A1          FCB $a2,$a1,$a1,$a1,$a1,$a1,$a0,$a1,$a0,$a0,$a0,$9f,$9f,$9f,$9f,$9f,$9e,$9f,$9e,$9e,$9e,$9d,$9d,$9d,$9d,$9d,$9c,$9d,$9c,$9c,$9b,$9b,$9b,$9b,$9b,$9b,$9a,$9b,$9a,$99
               24BD   A1 A1 A0 A1
               24C1   A0 A0 A0 9F
               24C5   9F 9F 9F 9F
               24C9   9E 9F 9E 9E
               24CD   9E 9D 9D 9D
               24D1   9D 9D 9C 9D
               24D5   9C 9C 9B 9B
               24D9   9B 9B 9B 9B
               24DD   9A 9B 9A 99
    237        24E1   99 99 99 99          FCB $99,$99,$99,$99,$99,$99,$98,$98,$98,$97,$97,$97,$97,$97,$96,$97,$96,$96,$96,$95,$c1,$c1,$c0,$c0,$c0,$bf,$bf,$bf,$be,$be,$be,$bd,$bd,$bd,$bc,$bc,$bb,$bb,$bb,$bb
               24E5   99 99 98 98
               24E9   98 97 97 97
               24ED   97 97 96 97
               24F1   96 96 96 95
               24F5   C1 C1 C0 C0
               24F9   C0 BF BF BF
               24FD   BE BE BE BD
               2501   BD BD BC BC
               2505   BB BB BB BB
    238        2509   BA B9 B9 B9          FCB $ba,$b9,$b9,$b9,$b9,$b9,$b8,$b7,$b7,$b7,$b6,$b6,$b6,$b5,$b5,$b5,$b4,$b4,$b4,$b3,$b3,$b2,$b2,$b1,$b1,$b1,$b1,$b0,$b0,$af,$af,$af,$af,$ae,$ae,$ad,$ad,$ad,$ac,$ac
               250D   B9 B9 B8 B7
               2511   B7 B7 B6 B6
               2515   B6 B5 B5 B5
               2519   B4 B4 B4 B3
               251D   B3 B2 B2 B1
               2521   B1 B1 B1 B0
               2525   B0 AF AF AF
               2529   AF AE AE AD
               252D   AD AD AC AC
    239        2531   AC AB AB AB          FCB $ac,$ab,$ab,$ab,$aa,$a9,$aa,$a9,$a9,$a9,$a8,$a7,$a7,$a7,$a7,$a6,$a6,$a5,$a5,$a5,$a5,$a4,$a4,$a3,$a3,$a3,$a2,$a2,$a2,$a1,$a1,$a1,$a0,$a0,$9f,$9f,$9f,$9f,$9e,$9d
               2535   AA A9 AA A9
               2539   A9 A9 A8 A7
               253D   A7 A7 A7 A6
               2541   A6 A5 A5 A5
               2545   A5 A4 A4 A3
               2549   A3 A3 A2 A2
               254D   A2 A1 A1 A1
               2551   A0 A0 9F 9F
               2555   9F 9F 9E 9D
    240        2559   D6 D6 D5 D5          FCB $d6,$d6,$d5,$d5,$d4,$d4,$d3,$d3,$d2,$d2,$d1,$d1,$d0,$d0,$cf,$cf,$ce,$ce,$cd,$cd,$cc,$cc,$cb,$cb,$ca,$ca,$c9,$c9,$c8,$c8,$c7,$c7,$c6,$c6,$c5,$c5,$c4,$c4,$c3,$c3
               255D   D4 D4 D3 D3
               2561   D2 D2 D1 D1
               2565   D0 D0 CF CF
               2569   CE CE CD CD
               256D   CC CC CB CB
               2571   CA CA C9 C9
               2575   C8 C8 C7 C7
               2579   C6 C6 C5 C5
               257D   C4 C4 C3 C3
    241        2581   C2 C1 C1 C1          FCB $c2,$c1,$c1,$c1,$c0,$bf,$bf,$bf,$bd,$bd,$bc,$bd,$bb,$bb,$ba,$bb,$b9,$b9,$b8,$b8,$b7,$b7,$b6,$b6,$b5,$b5,$b4,$b4,$b3,$b3,$b2,$b2,$b1,$b1,$b0,$b0,$af,$af,$ae,$ae
               2585   C0 BF BF BF
               2589   BD BD BC BD
               258D   BB BB BA BB
               2591   B9 B9 B8 B8
               2595   B7 B7 B6 B6
               2599   B5 B5 B4 B4
               259D   B3 B3 B2 B2
               25A1   B1 B1 B0 B0
               25A5   AF AF AE AE
    242        25A9   AD AD AC AC          FCB $ad,$ad,$ac,$ac,$ab,$ab,$aa,$aa,$a9,$a9,$a8,$a8,$a7,$a7,$a6,$a6,$a5,$a5,$a4,$a4,$d6,$d6,$d5,$d5,$d4,$d4,$d3,$d3,$d2,$d2,$d1,$d1,$d0,$d0,$cf,$cf,$ce,$ce,$cd,$cd
               25AD   AB AB AA AA
               25B1   A9 A9 A8 A8
               25B5   A7 A7 A6 A6
               25B9   A5 A5 A4 A4
               25BD   D6 D6 D5 D5
               25C1   D4 D4 D3 D3
               25C5   D2 D2 D1 D1
               25C9   D0 D0 CF CF
               25CD   CE CE CD CD
    243        25D1   CC CC CB CB          FCB $cc,$cc,$cb,$cb,$ca,$ca,$c9,$c9,$c8,$c8,$c7,$c7,$c6,$c6,$c5,$c5,$c4,$c4,$c3,$c3,$c2,$c1,$c1,$c1,$c0,$bf,$bf,$bf,$bd,$bd,$bc,$bd,$bb,$bb,$ba,$bb,$b9,$b9,$b8,$b8
               25D5   CA CA C9 C9
               25D9   C8 C8 C7 C7
               25DD   C6 C6 C5 C5
               25E1   C4 C4 C3 C3
               25E5   C2 C1 C1 C1
               25E9   C0 BF BF BF
               25ED   BD BD BC BD
               25F1   BB BB BA BB
               25F5   B9 B9 B8 B8
    244        25F9   B7 B7 B6 B6          FCB $b7,$b7,$b6,$b6,$b5,$b5,$b4,$b4,$b3,$b3,$b2,$b2,$b1,$b1,$b0,$b0,$af,$af,$ae,$ae,$ad,$ad,$ac,$ac,$ab,$ab,$aa,$aa,$a9,$a9,$a8,$a8,$a7,$a7,$a6,$a6,$a5,$a5,$a4,$a4
               25FD   B5 B5 B4 B4
               2601   B3 B3 B2 B2
               2605   B1 B1 B0 B0
               2609   AF AF AE AE
               260D   AD AD AC AC
               2611   AB AB AA AA
               2615   A9 A9 A8 A8
               2619   A7 A7 A6 A6
               261D   A5 A5 A4 A4
    245        2621   C1 C1 C0 C1          FCB $c1,$c1,$c0,$c1,$bf,$bf,$bf,$bf,$be,$bf,$bd,$bd,$bc,$bd,$bc,$bc,$bb,$bb,$ba,$bb,$ba,$ba,$b9,$b9,$b8,$b9,$b7,$b8,$b7,$b7,$b6,$b7,$b5,$b6,$b5,$b5,$b4,$b5,$b3,$b3
               2625   BF BF BF BF
               2629   BE BF BD BD
               262D   BC BD BC BC
               2631   BB BB BA BB
               2635   BA BA B9 B9
               2639   B8 B9 B7 B8
               263D   B7 B7 B6 B7
               2641   B5 B6 B5 B5
               2645   B4 B5 B3 B3
    246        2649   B2 B3 B2 B3          FCB $b2,$b3,$b2,$b3,$b1,$b1,$b0,$b1,$b0,$b0,$af,$af,$ae,$af,$ad,$ae,$ad,$ad,$ac,$ac,$ab,$ab,$ab,$ab,$aa,$aa,$a9,$a9,$a8,$a9,$a8,$a8,$a7,$a7,$a6,$a7,$a6,$a6,$a5,$a5
               264D   B1 B1 B0 B1
               2651   B0 B0 AF AF
               2655   AE AF AD AE
               2659   AD AD AC AC
               265D   AB AB AB AB
               2661   AA AA A9 A9
               2665   A8 A9 A8 A8
               2669   A7 A7 A6 A7
               266D   A6 A6 A5 A5
    247        2671   A4 A5 A3 A3          FCB $a4,$a5,$a3,$a3,$a3,$a3,$a2,$a2,$a1,$a1,$a1,$a1,$a0,$a0,$9f,$9f,$9e,$9f,$9e,$9e,$aa,$aa,$aa,$a9,$a9,$a9,$a9,$a9,$a8,$a9,$a8,$a8,$a7,$a7,$a7,$a7,$a7,$a7,$a6,$a7
               2675   A3 A3 A2 A2
               2679   A1 A1 A1 A1
               267D   A0 A0 9F 9F
               2681   9E 9F 9E 9E
               2685   AA AA AA A9
               2689   A9 A9 A9 A9
               268D   A8 A9 A8 A8
               2691   A7 A7 A7 A7
               2695   A7 A7 A6 A7
    248        2699   A6 A5 A5 A5          FCB $a6,$a5,$a5,$a5,$a5,$a5,$a5,$a5,$a4,$a4,$a4,$a3,$a3,$a3,$a3,$a3,$a2,$a3,$a2,$a2,$a2,$a1,$a1,$a1,$a1,$a1,$a0,$a1,$a0,$a0,$a0,$9f,$9f,$9f,$9f,$9f,$9e,$9f,$9e,$9e
               269D   A5 A5 A5 A5
               26A1   A4 A4 A4 A3
               26A5   A3 A3 A3 A3
               26A9   A2 A3 A2 A2
               26AD   A2 A1 A1 A1
               26B1   A1 A1 A0 A1
               26B5   A0 A0 A0 9F
               26B9   9F 9F 9F 9F
               26BD   9E 9F 9E 9E
    249        26C1   9E 9D 9D 9D          FCB $9e,$9d,$9d,$9d,$9d,$9d,$9c,$9d,$9c,$9c,$9b,$9b,$9b,$9b,$9b,$9b,$9a,$9b,$9a,$99,$99,$99,$99,$99,$99,$99,$98,$98,$98,$97,$97,$97,$97,$97,$96,$97,$96,$96,$96,$95
               26C5   9D 9D 9C 9D
               26C9   9C 9C 9B 9B
               26CD   9B 9B 9B 9B
               26D1   9A 9B 9A 99
               26D5   99 99 99 99
               26D9   99 99 98 98
               26DD   98 97 97 97
               26E1   97 97 96 97
               26E5   96 96 96 95
    250        26E9   98 98 98 98          FCB $98,$98,$98,$98,$98,$98,$98,$97,$97,$97,$97,$97,$97,$97,$97,$97,$97,$97,$97,$97,$96,$96,$96,$96,$96,$96,$96,$95,$96,$95,$95,$95,$95,$95,$95,$95,$95,$95,$95,$95
               26ED   98 98 98 97
               26F1   97 97 97 97
               26F5   97 97 97 97
               26F9   97 97 97 97
               26FD   96 96 96 96
               2701   96 96 96 95
               2705   96 95 95 95
               2709   95 95 95 95
               270D   95 95 95 95
    251        2711   95 94 94 95          FCB $95,$94,$94,$95,$94,$94,$94,$94,$94,$94,$94,$93,$93,$93,$93,$93,$93,$93,$93,$93,$93,$93,$93,$93,$92,$92,$92,$92,$92,$92,$92,$91,$92,$91,$91,$91,$91,$91,$91,$91
               2715   94 94 94 94
               2719   94 94 94 93
               271D   93 93 93 93
               2721   93 93 93 93
               2725   93 93 93 93
               2729   92 92 92 92
               272D   92 92 92 91
               2731   92 91 91 91
               2735   91 91 91 91
    252        2739   91 91 91 91          FCB $91,$91,$91,$91,$91,$91,$90,$91,$90,$90,$90,$90,$90,$90,$90,$8f,$8f,$8f,$8f,$8f,$71,$71,$71,$71,$71,$71,$72,$71,$72,$72,$72,$72,$73,$73,$73,$73,$73,$73,$73,$74
               273D   91 91 90 91
               2741   90 90 90 90
               2745   90 90 90 8F
               2749   8F 8F 8F 8F
               274D   71 71 71 71
               2751   71 71 72 71
               2755   72 72 72 72
               2759   73 73 73 73
               275D   73 73 73 74
    253        2761   74 74 74 75          FCB $74,$74,$74,$75,$74,$75,$75,$75,$75,$75,$75,$75,$76,$76,$76,$77,$76,$77,$77,$77,$77,$77,$77,$77,$78,$78,$78,$78,$78,$79,$79,$79,$79,$79,$79,$79,$7a,$79,$7a,$7b
               2765   74 75 75 75
               2769   75 75 75 75
               276D   76 76 76 77
               2771   76 77 77 77
               2775   77 77 77 77
               2779   78 78 78 78
               277D   78 79 79 79
               2781   79 79 79 79
               2785   7A 79 7A 7B
    254        2789   7A 7B 7B 7B          FCB $7a,$7b,$7b,$7b,$7b,$7b,$7b,$7b,$7c,$7c,$7c,$7d,$7c,$7d,$7d,$7d,$7d,$7d,$7d,$7d,$7e,$7e,$7e,$7e,$7e,$7f,$7f,$7f,$7f,$7f,$7f,$7f,$80,$7f,$80,$80,$80,$81,$81,$81
               278D   7B 7B 7B 7B
               2791   7C 7C 7C 7D
               2795   7C 7D 7D 7D
               2799   7D 7D 7D 7D
               279D   7E 7E 7E 7E
               27A1   7E 7F 7F 7F
               27A5   7F 7F 7F 7F
               27A9   80 7F 80 80
               27AD   80 81 81 81
    255        27B1   5D 5D 5E 5D          FCB $5d,$5d,$5e,$5d,$5e,$5f,$5f,$5f,$5f,$5f,$60,$60,$61,$61,$61,$61,$62,$61,$62,$63,$63,$63,$64,$63,$64,$65,$65,$65,$65,$65,$66,$66,$67,$67,$67,$67,$68,$67,$68,$69
               27B5   5E 5F 5F 5F
               27B9   5F 5F 60 60
               27BD   61 61 61 61
               27C1   62 61 62 63
               27C5   63 63 64 63
               27C9   64 65 65 65
               27CD   65 65 66 66
               27D1   67 67 67 67
               27D5   68 67 68 69
    256        27D9   69 69 6A 69          FCB $69,$69,$6a,$69,$6a,$6b,$6b,$6b,$6b,$6b,$6c,$6d,$6d,$6d,$6d,$6d,$6e,$6d,$6f,$6f,$6f,$6f,$70,$6f,$70,$71,$71,$71,$72,$71,$72,$73,$73,$73,$73,$73,$74,$74,$75,$75
               27DD   6A 6B 6B 6B
               27E1   6B 6B 6C 6D
               27E5   6D 6D 6D 6D
               27E9   6E 6D 6F 6F
               27ED   6F 6F 70 6F
               27F1   70 71 71 71
               27F5   72 71 72 73
               27F9   73 73 73 73
               27FD   74 74 75 75
    257        2801   75 75 76 75          FCB $75,$75,$76,$75,$76,$77,$77,$77,$78,$77,$78,$79,$79,$79,$79,$79,$7a,$7a,$7b,$7b,$45,$45,$46,$47,$47,$47,$48,$48,$49,$49,$49,$4b,$4a,$4b,$4b,$4c,$4c,$4d,$4d,$4e
               2805   76 77 77 77
               2809   78 77 78 79
               280D   79 79 79 79
               2811   7A 7A 7B 7B
               2815   45 45 46 47
               2819   47 47 48 48
               281D   49 49 49 4B
               2821   4A 4B 4B 4C
               2825   4C 4D 4D 4E
    258        2829   4E 4F 4F 4F          FCB $4e,$4f,$4f,$4f,$50,$51,$51,$51,$52,$53,$53,$53,$54,$54,$55,$55,$56,$56,$57,$57,$57,$58,$58,$59,$59,$5a,$5a,$5b,$5b,$5c,$5c,$5d,$5d,$5d,$5e,$5f,$5f,$5f,$60,$61
               282D   50 51 51 51
               2831   52 53 53 53
               2835   54 54 55 55
               2839   56 56 57 57
               283D   57 58 58 59
               2841   59 5A 5A 5B
               2845   5B 5C 5C 5D
               2849   5D 5D 5E 5F
               284D   5F 5F 60 61
    259        2851   61 61 62 62          FCB $61,$61,$62,$62,$63,$63,$64,$65,$65,$65,$65,$66,$66,$67,$67,$68,$68,$69,$69,$69,$6a,$6b,$6b,$6b,$6c,$6d,$6d,$6d,$6e,$6f,$6f,$6f,$70,$70,$71,$71,$72,$73,$72,$73
               2855   63 63 64 65
               2859   65 65 65 66
               285D   66 67 67 68
               2861   68 69 69 69
               2865   6A 6B 6B 6B
               2869   6C 6D 6D 6D
               286D   6E 6F 6F 6F
               2871   70 70 71 71
               2875   72 73 72 73
    260        2879   2F 2F 31 31          FCB $2f,$2f,$31,$31,$32,$32,$33,$33,$34,$34,$36,$36,$37,$37,$38,$38,$39,$39,$3b,$3b,$3c,$3c,$3d,$3d,$3e,$3e,$40,$40,$41,$41,$42,$42,$43,$43,$45,$45,$46,$46,$47,$47
               287D   32 32 33 33
               2881   34 34 36 36
               2885   37 37 38 38
               2889   39 39 3B 3B
               288D   3C 3C 3D 3D
               2891   3E 3E 40 40
               2895   41 41 42 42
               2899   43 43 45 45
               289D   46 46 47 47
    261        28A1   48 48 4A 4A          FCB $48,$48,$4a,$4a,$4b,$4b,$4c,$4c,$4d,$4d,$4f,$4f,$50,$50,$51,$51,$53,$53,$54,$54,$55,$55,$56,$56,$58,$58,$59,$59,$5a,$5a,$5b,$5b,$5d,$5d,$5e,$5e,$5f,$5f,$60,$60
               28A5   4B 4B 4C 4C
               28A9   4D 4D 4F 4F
               28AD   50 50 51 51
               28B1   53 53 54 54
               28B5   55 55 56 56
               28B9   58 58 59 59
               28BD   5A 5A 5B 5B
               28C1   5D 5D 5E 5E
               28C5   5F 5F 60 60
    262        28C9   62 62 63 63          FCB $62,$62,$63,$63,$64,$64,$65,$65,$67,$67,$68,$68,$69,$69,$6a,$6a,$6c,$6c,$6d,$6d,$2f,$2f,$31,$31,$32,$32,$33,$33,$34,$34,$36,$36,$37,$37,$38,$38,$39,$39,$3b,$3b
               28CD   64 64 65 65
               28D1   67 67 68 68
               28D5   69 69 6A 6A
               28D9   6C 6C 6D 6D
               28DD   2F 2F 31 31
               28E1   32 32 33 33
               28E5   34 34 36 36
               28E9   37 37 38 38
               28ED   39 39 3B 3B
    263        28F1   3C 3C 3D 3D          FCB $3c,$3c,$3d,$3d,$3e,$3e,$40,$40,$41,$41,$42,$42,$43,$43,$45,$45,$46,$46,$47,$47,$48,$48,$4a,$4a,$4b,$4b,$4c,$4c,$4d,$4d,$4f,$4f,$50,$50,$51,$51,$53,$53,$54,$54
               28F5   3E 3E 40 40
               28F9   41 41 42 42
               28FD   43 43 45 45
               2901   46 46 47 47
               2905   48 48 4A 4A
               2909   4B 4B 4C 4C
               290D   4D 4D 4F 4F
               2911   50 50 51 51
               2915   53 53 54 54
    264        2919   55 55 56 56          FCB $55,$55,$56,$56,$58,$58,$59,$59,$5a,$5a,$5b,$5b,$5d,$5d,$5e,$5e,$5f,$5f,$60,$60,$62,$62,$63,$63,$64,$64,$65,$65,$67,$67,$68,$68,$69,$69,$6a,$6a,$6c,$6c,$6d,$6d
               291D   58 58 59 59
               2921   5A 5A 5B 5B
               2925   5D 5D 5E 5E
               2929   5F 5F 60 60
               292D   62 62 63 63
               2931   64 64 65 65
               2935   67 67 68 68
               2939   69 69 6A 6A
               293D   6C 6C 6D 6D
    265        2941                    LINE_MISSILE_Y1
    266        2941   50 4F 51 51          FCB $50,$4f,$51,$51,$52,$51,$52,$53,$53,$53,$54,$55,$55,$55,$56,$56,$57,$57,$58,$58,$59,$59,$5a,$5a,$5b,$5b,$5c,$5b,$5d,$5d,$5e,$5d,$5f,$5f,$5f,$5f,$60,$61,$61,$61
               2945   52 51 52 53
               2949   53 53 54 55
               294D   55 55 56 56
               2951   57 57 58 58
               2955   59 59 5A 5A
               2959   5B 5B 5C 5B
               295D   5D 5D 5E 5D
               2961   5F 5F 5F 5F
               2965   60 61 61 61
    267        2969   62 63 63 63          FCB $62,$63,$63,$63,$64,$64,$65,$65,$66,$66,$67,$67,$68,$68,$69,$69,$6a,$69,$6b,$6b,$6c,$6b,$6d,$6d,$6d,$6d,$6e,$6f,$6f,$6f,$70,$71,$71,$71,$72,$72,$73,$73,$74,$74
               296D   64 64 65 65
               2971   66 66 67 67
               2975   68 68 69 69
               2979   6A 69 6B 6B
               297D   6C 6B 6D 6D
               2981   6D 6D 6E 6F
               2985   6F 6F 70 71
               2989   71 71 72 72
               298D   73 73 74 74
    268        2991   75 75 76 76          FCB $75,$75,$76,$76,$77,$77,$78,$77,$79,$79,$7a,$79,$7a,$7b,$7b,$7b,$7c,$7d,$7d,$7d,$3d,$3d,$3f,$3f,$40,$3f,$41,$41,$42,$42,$43,$43,$44,$45,$45,$45,$47,$46,$48,$47
               2995   77 77 78 77
               2999   79 79 7A 79
               299D   7A 7B 7B 7B
               29A1   7C 7D 7D 7D
               29A5   3D 3D 3F 3F
               29A9   40 3F 41 41
               29AD   42 42 43 43
               29B1   44 45 45 45
               29B5   47 46 48 47
    269        29B9   49 49 4A 4A          FCB $49,$49,$4a,$4a,$4b,$4b,$4c,$4c,$4e,$4d,$4f,$4f,$50,$4f,$51,$51,$52,$52,$53,$53,$54,$55,$56,$55,$57,$57,$58,$57,$59,$59,$5a,$5a,$5b,$5b,$5d,$5d,$5e,$5d,$5f,$5f
               29BD   4B 4B 4C 4C
               29C1   4E 4D 4F 4F
               29C5   50 4F 51 51
               29C9   52 52 53 53
               29CD   54 55 56 55
               29D1   57 57 58 57
               29D5   59 59 5A 5A
               29D9   5B 5B 5D 5D
               29DD   5E 5D 5F 5F
    270        29E1   60 60 61 61          FCB $60,$60,$61,$61,$62,$63,$63,$63,$65,$65,$66,$66,$67,$67,$68,$67,$69,$69,$6a,$6a,$6c,$6b,$6d,$6d,$6e,$6d,$6f,$6f,$70,$70,$71,$71,$73,$73,$74,$73,$75,$75,$76,$76
               29E5   62 63 63 63
               29E9   65 65 66 66
               29ED   67 67 68 67
               29F1   69 69 6A 6A
               29F5   6C 6B 6D 6D
               29F9   6E 6D 6F 6F
               29FD   70 70 71 71
               2A01   73 73 74 73
               2A05   75 75 76 76
    271        2A09   2D 2D 2E 2F          FCB $2d,$2d,$2e,$2f,$30,$2f,$31,$31,$32,$33,$34,$33,$35,$35,$37,$37,$38,$37,$39,$39,$3b,$3b,$3c,$3d,$3d,$3d,$3f,$3f,$40,$41,$42,$41,$43,$43,$44,$45,$46,$45,$47,$47
               2A0D   30 2F 31 31
               2A11   32 33 34 33
               2A15   35 35 37 37
               2A19   38 37 39 39
               2A1D   3B 3B 3C 3D
               2A21   3D 3D 3F 3F
               2A25   40 41 42 41
               2A29   43 43 44 45
               2A2D   46 45 47 47
    272        2A31   48 49 4A 49          FCB $48,$49,$4a,$49,$4b,$4b,$4d,$4d,$4e,$4e,$4f,$4f,$51,$51,$52,$53,$54,$53,$55,$55,$56,$57,$58,$57,$59,$59,$5a,$5b,$5c,$5b,$5d,$5d,$5f,$5f,$60,$5f,$61,$61,$63,$63
               2A35   4B 4B 4D 4D
               2A39   4E 4E 4F 4F
               2A3D   51 51 52 53
               2A41   54 53 55 55
               2A45   56 57 58 57
               2A49   59 59 5A 5B
               2A4D   5C 5B 5D 5D
               2A51   5F 5F 60 5F
               2A55   61 61 63 63
    273        2A59   64 65 65 65          FCB $64,$65,$65,$65,$67,$67,$68,$69,$6a,$69,$6b,$6b,$6c,$6d,$6e,$6d,$6f,$6f,$70,$71,$2d,$2d,$2e,$2f,$30,$2f,$31,$31,$32,$33,$34,$33,$35,$35,$37,$37,$38,$37,$39,$39
               2A5D   67 67 68 69
               2A61   6A 69 6B 6B
               2A65   6C 6D 6E 6D
               2A69   6F 6F 70 71
               2A6D   2D 2D 2E 2F
               2A71   30 2F 31 31
               2A75   32 33 34 33
               2A79   35 35 37 37
               2A7D   38 37 39 39
    274        2A81   3B 3B 3C 3D          FCB $3b,$3b,$3c,$3d,$3d,$3d,$3f,$3f,$40,$41,$42,$41,$43,$43,$44,$45,$46,$45,$47,$47,$48,$49,$4a,$49,$4b,$4b,$4d,$4d,$4e,$4e,$4f,$4f,$51,$51,$52,$53,$54,$53,$55,$55
               2A85   3D 3D 3F 3F
               2A89   40 41 42 41
               2A8D   43 43 44 45
               2A91   46 45 47 47
               2A95   48 49 4A 49
               2A99   4B 4B 4D 4D
               2A9D   4E 4E 4F 4F
               2AA1   51 51 52 53
               2AA5   54 53 55 55
    275        2AA9   56 57 58 57          FCB $56,$57,$58,$57,$59,$59,$5a,$5b,$5c,$5b,$5d,$5d,$5f,$5f,$60,$5f,$61,$61,$63,$63,$64,$65,$65,$65,$67,$67,$68,$69,$6a,$69,$6b,$6b,$6c,$6d,$6e,$6d,$6f,$6f,$70,$71
               2AAD   59 59 5A 5B
               2AB1   5C 5B 5D 5D
               2AB5   5F 5F 60 5F
               2AB9   61 61 63 63
               2ABD   64 65 65 65
               2AC1   67 67 68 69
               2AC5   6A 69 6B 6B
               2AC9   6C 6D 6E 6D
               2ACD   6F 6F 70 71
    276        2AD1   3E 3E 3F 3F          FCB $3e,$3e,$3f,$3f,$40,$41,$42,$42,$43,$43,$44,$44,$45,$45,$46,$47,$47,$47,$49,$49,$4a,$4a,$4b,$4b,$4c,$4d,$4d,$4d,$4e,$4f,$4f,$4f,$51,$51,$52,$52,$53,$53,$54,$55
               2AD5   40 41 42 42
               2AD9   43 43 44 44
               2ADD   45 45 46 47
               2AE1   47 47 49 49
               2AE5   4A 4A 4B 4B
               2AE9   4C 4D 4D 4D
               2AED   4E 4F 4F 4F
               2AF1   51 51 52 52
               2AF5   53 53 54 55
    277        2AF9   55 55 56 57          FCB $55,$55,$56,$57,$58,$58,$59,$59,$5a,$5a,$5b,$5b,$5c,$5d,$5d,$5e,$5f,$5f,$60,$5f,$61,$61,$62,$62,$63,$63,$64,$65,$65,$65,$67,$67,$68,$68,$69,$69,$6a,$6b,$6b,$6b
               2AFD   58 58 59 59
               2B01   5A 5A 5B 5B
               2B05   5C 5D 5D 5E
               2B09   5F 5F 60 5F
               2B0D   61 61 62 62
               2B11   63 63 64 65
               2B15   65 65 67 67
               2B19   68 68 69 69
               2B1D   6A 6B 6B 6B
    278        2B21   6C 6D 6E 6E          FCB $6c,$6d,$6e,$6e,$6f,$6f,$70,$70,$71,$71,$72,$72,$73,$73,$74,$75,$76,$76,$77,$77,$52,$51,$53,$53,$54,$53,$54,$55,$55,$55,$56,$57,$57,$57,$58,$58,$59,$59,$5a,$5a
               2B25   6F 6F 70 70
               2B29   71 71 72 72
               2B2D   73 73 74 75
               2B31   76 76 77 77
               2B35   52 51 53 53
               2B39   54 53 54 55
               2B3D   55 55 56 57
               2B41   57 57 58 58
               2B45   59 59 5A 5A
    279        2B49   5B 5B 5C 5C          FCB $5b,$5b,$5c,$5c,$5d,$5d,$5e,$5d,$5f,$5f,$60,$5f,$61,$61,$61,$61,$62,$63,$63,$63,$64,$65,$65,$65,$66,$66,$67,$67,$68,$68,$69,$69,$6a,$6a,$6b,$6b,$6c,$6b,$6d,$6d
               2B4D   5D 5D 5E 5D
               2B51   5F 5F 60 5F
               2B55   61 61 61 61
               2B59   62 63 63 63
               2B5D   64 65 65 65
               2B61   66 66 67 67
               2B65   68 68 69 69
               2B69   6A 6A 6B 6B
               2B6D   6C 6B 6D 6D
    280        2B71   6E 6D 6F 6F          FCB $6e,$6d,$6f,$6f,$6f,$6f,$70,$71,$71,$71,$72,$73,$73,$73,$74,$74,$75,$75,$76,$76,$77,$77,$78,$78,$79,$79,$7a,$79,$7b,$7b,$7c,$7b,$7c,$7d,$7d,$7d,$7e,$7f,$7f,$7f
               2B75   6F 6F 70 71
               2B79   71 71 72 73
               2B7D   73 73 74 74
               2B81   75 75 76 76
               2B85   77 77 78 78
               2B89   79 79 7A 79
               2B8D   7B 7B 7C 7B
               2B91   7C 7D 7D 7D
               2B95   7E 7F 7F 7F
    281        2B99   66 65 66 66          FCB $66,$65,$66,$66,$67,$67,$68,$67,$68,$68,$69,$69,$6a,$69,$6a,$69,$6b,$6b,$6c,$6b,$6c,$6b,$6d,$6d,$6d,$6d,$6e,$6d,$6f,$6f,$6f,$6f,$70,$6f,$71,$71,$71,$71,$72,$71
               2B9D   67 67 68 67
               2BA1   68 68 69 69
               2BA5   6A 69 6A 69
               2BA9   6B 6B 6C 6B
               2BAD   6C 6B 6D 6D
               2BB1   6D 6D 6E 6D
               2BB5   6F 6F 6F 6F
               2BB9   70 6F 71 71
               2BBD   71 71 72 71
    282        2BC1   72 72 73 73          FCB $72,$72,$73,$73,$74,$73,$74,$73,$75,$75,$76,$75,$76,$75,$77,$77,$77,$77,$78,$77,$79,$79,$79,$79,$7a,$79,$7b,$7b,$7b,$7b,$7c,$7b,$7d,$7c,$7d,$7d,$7e,$7d,$7e,$7e
               2BC5   74 73 74 73
               2BC9   75 75 76 75
               2BCD   76 75 77 77
               2BD1   77 77 78 77
               2BD5   79 79 79 79
               2BD9   7A 79 7B 7B
               2BDD   7B 7B 7C 7B
               2BE1   7D 7C 7D 7D
               2BE5   7E 7D 7E 7E
    283        2BE9   7F 7F 80 7F          FCB $7f,$7f,$80,$7f,$80,$80,$81,$81,$82,$81,$82,$82,$83,$83,$83,$83,$84,$84,$85,$85,$90,$90,$90,$90,$90,$90,$90,$90,$90,$90,$90,$90,$90,$90,$91,$91,$91,$90,$91,$90
               2BED   80 80 81 81
               2BF1   82 81 82 82
               2BF5   83 83 83 83
               2BF9   84 84 85 85
               2BFD   90 90 90 90
               2C01   90 90 90 90
               2C05   90 90 90 90
               2C09   90 90 91 91
               2C0D   91 90 91 90
    284        2C11   91 91 91 90          FCB $91,$91,$91,$90,$91,$90,$91,$91,$91,$91,$91,$90,$91,$91,$91,$91,$91,$91,$91,$91,$91,$91,$91,$91,$91,$91,$91,$91,$91,$91,$91,$91,$91,$91,$91,$91,$91,$91,$91,$91
               2C15   91 90 91 91
               2C19   91 91 91 90
               2C1D   91 91 91 91
               2C21   91 91 91 91
               2C25   91 91 91 91
               2C29   91 91 91 91
               2C2D   91 91 91 91
               2C31   91 91 91 91
               2C35   91 91 91 91
    285        2C39   91 91 91 91          FCB $91,$91,$91,$91,$91,$91,$91,$91,$91,$91,$91,$91,$91,$91,$91,$91,$91,$91,$91,$91,$91,$91,$91,$91,$91,$91,$91,$91,$91,$91,$91,$91,$92,$91,$92,$91,$92,$91,$92,$91
               2C3D   91 91 91 91
               2C41   91 91 91 91
               2C45   91 91 91 91
               2C49   91 91 91 91
               2C4D   91 91 91 91
               2C51   91 91 91 91
               2C55   91 91 91 91
               2C59   92 91 92 91
               2C5D   92 91 92 91
    286        2C61   A5 A5 A4 A4          FCB $a5,$a5,$a4,$a4,$a4,$a4,$a4,$a4,$a4,$a3,$a3,$a3,$a3,$a3,$a3,$a3,$a2,$a3,$a2,$a2,$a2,$a2,$a2,$a1,$a1,$a1,$a1,$a1,$a1,$a1,$a0,$a1,$a0,$a0,$a0,$a0,$a0,$a0,$9f,$9f
               2C65   A4 A4 A4 A4
               2C69   A4 A3 A3 A3
               2C6D   A3 A3 A3 A3
               2C71   A2 A3 A2 A2
               2C75   A2 A2 A2 A1
               2C79   A1 A1 A1 A1
               2C7D   A1 A1 A0 A1
               2C81   A0 A0 A0 A0
               2C85   A0 A0 9F 9F
    287        2C89   9F 9F 9F 9F          FCB $9f,$9f,$9f,$9f,$9f,$9f,$9e,$9e,$9e,$9e,$9e,$9e,$9d,$9d,$9d,$9d,$9d,$9d,$9d,$9d,$9c,$9c,$9c,$9c,$9c,$9c,$9c,$9b,$9b,$9b,$9b,$9b,$9b,$9b,$9a,$9b,$9a,$9a,$9a,$9a
               2C8D   9F 9F 9E 9E
               2C91   9E 9E 9E 9E
               2C95   9D 9D 9D 9D
               2C99   9D 9D 9D 9D
               2C9D   9C 9C 9C 9C
               2CA1   9C 9C 9C 9B
               2CA5   9B 9B 9B 9B
               2CA9   9B 9B 9A 9B
               2CAD   9A 9A 9A 9A
    288        2CB1   9A 99 99 99          FCB $9a,$99,$99,$99,$99,$99,$99,$99,$98,$99,$98,$98,$98,$98,$98,$98,$97,$97,$97,$97,$b9,$b9,$b9,$b9,$b8,$b9,$b8,$b8,$b7,$b7,$b7,$b7,$b6,$b7,$b6,$b6,$b5,$b5,$b5,$b5
               2CB5   99 99 99 99
               2CB9   98 99 98 98
               2CBD   98 98 98 98
               2CC1   97 97 97 97
               2CC5   B9 B9 B9 B9
               2CC9   B8 B9 B8 B8
               2CCD   B7 B7 B7 B7
               2CD1   B6 B7 B6 B6
               2CD5   B5 B5 B5 B5
    289        2CD9   B4 B5 B4 B4          FCB $b4,$b5,$b4,$b4,$b3,$b3,$b3,$b3,$b2,$b3,$b2,$b2,$b1,$b1,$b1,$b1,$b0,$b1,$b0,$af,$af,$af,$af,$af,$ae,$af,$ae,$ad,$ad,$ad,$ad,$ad,$ac,$ad,$ac,$ab,$ab,$ab,$ab,$ab
               2CDD   B3 B3 B3 B3
               2CE1   B2 B3 B2 B2
               2CE5   B1 B1 B1 B1
               2CE9   B0 B1 B0 AF
               2CED   AF AF AF AF
               2CF1   AE AF AE AD
               2CF5   AD AD AD AD
               2CF9   AC AD AC AB
               2CFD   AB AB AB AB
    290        2D01   AA AA AA A9          FCB $aa,$aa,$aa,$a9,$a9,$a9,$a9,$a9,$a8,$a8,$a8,$a7,$a7,$a7,$a7,$a7,$a6,$a6,$a6,$a5,$a5,$a5,$a5,$a5,$a4,$a4,$a4,$a3,$a3,$a3,$a3,$a3,$a2,$a2,$a1,$a1,$a1,$a1,$a0,$a1
               2D05   A9 A9 A9 A9
               2D09   A8 A8 A8 A7
               2D0D   A7 A7 A7 A7
               2D11   A6 A6 A6 A5
               2D15   A5 A5 A5 A5
               2D19   A4 A4 A4 A3
               2D1D   A3 A3 A3 A3
               2D21   A2 A2 A1 A1
               2D25   A1 A1 A0 A1
    291        2D29   CC CC CC CC          FCB $cc,$cc,$cc,$cc,$cb,$cb,$ca,$ca,$c9,$c9,$c9,$c9,$c8,$c8,$c7,$c7,$c6,$c6,$c6,$c6,$c5,$c5,$c4,$c4,$c3,$c3,$c3,$c3,$c2,$c2,$c1,$c1,$c0,$c0,$c0,$c0,$bf,$bf,$be,$be
               2D2D   CB CB CA CA
               2D31   C9 C9 C9 C9
               2D35   C8 C8 C7 C7
               2D39   C6 C6 C6 C6
               2D3D   C5 C5 C4 C4
               2D41   C3 C3 C3 C3
               2D45   C2 C2 C1 C1
               2D49   C0 C0 C0 C0
               2D4D   BF BF BE BE
    292        2D51   BD BD BD BD          FCB $bd,$bd,$bd,$bd,$bc,$bc,$bb,$bb,$bb,$bb,$ba,$ba,$b9,$b9,$b8,$b8,$b8,$b8,$b7,$b7,$b6,$b6,$b5,$b5,$b5,$b5,$b4,$b4,$b3,$b3,$b2,$b2,$b2,$b2,$b1,$b1,$b0,$b0,$af,$af
               2D55   BC BC BB BB
               2D59   BB BB BA BA
               2D5D   B9 B9 B8 B8
               2D61   B8 B8 B7 B7
               2D65   B6 B6 B5 B5
               2D69   B5 B5 B4 B4
               2D6D   B3 B3 B2 B2
               2D71   B2 B2 B1 B1
               2D75   B0 B0 AF AF
    293        2D79   AF AF AE AE          FCB $af,$af,$ae,$ae,$ad,$ad,$ac,$ac,$ac,$ac,$ab,$ab,$aa,$aa,$a9,$a9,$a9,$a9,$a8,$a8,$cc,$cc,$cc,$cc,$cb,$cb,$ca,$ca,$c9,$c9,$c9,$c9,$c8,$c8,$c7,$c7,$c6,$c6,$c6,$c6
               2D7D   AD AD AC AC
               2D81   AC AC AB AB
               2D85   AA AA A9 A9
               2D89   A9 A9 A8 A8
               2D8D   CC CC CC CC
               2D91   CB CB CA CA
               2D95   C9 C9 C9 C9
               2D99   C8 C8 C7 C7
               2D9D   C6 C6 C6 C6
    294        2DA1   C5 C5 C4 C4          FCB $c5,$c5,$c4,$c4,$c3,$c3,$c3,$c3,$c2,$c2,$c1,$c1,$c0,$c0,$c0,$c0,$bf,$bf,$be,$be,$bd,$bd,$bd,$bd,$bc,$bc,$bb,$bb,$bb,$bb,$ba,$ba,$b9,$b9,$b8,$b8,$b8,$b8,$b7,$b7
               2DA5   C3 C3 C3 C3
               2DA9   C2 C2 C1 C1
               2DAD   C0 C0 C0 C0
               2DB1   BF BF BE BE
               2DB5   BD BD BD BD
               2DB9   BC BC BB BB
               2DBD   BB BB BA BA
               2DC1   B9 B9 B8 B8
               2DC5   B8 B8 B7 B7
    295        2DC9   B6 B6 B5 B5          FCB $b6,$b6,$b5,$b5,$b5,$b5,$b4,$b4,$b3,$b3,$b2,$b2,$b2,$b2,$b1,$b1,$b0,$b0,$af,$af,$af,$af,$ae,$ae,$ad,$ad,$ac,$ac,$ac,$ac,$ab,$ab,$aa,$aa,$a9,$a9,$a9,$a9,$a8,$a8
               2DCD   B5 B5 B4 B4
               2DD1   B3 B3 B2 B2
               2DD5   B2 B2 B1 B1
               2DD9   B0 B0 AF AF
               2DDD   AF AF AE AE
               2DE1   AD AD AC AC
               2DE5   AC AC AB AB
               2DE9   AA AA A9 A9
               2DED   A9 A9 A8 A8
    296        2DF1   BA B9 B9 B9          FCB $ba,$b9,$b9,$b9,$b8,$b9,$b8,$b7,$b7,$b7,$b7,$b7,$b6,$b7,$b6,$b5,$b5,$b5,$b5,$b5,$b4,$b4,$b4,$b3,$b3,$b3,$b3,$b3,$b2,$b2,$b2,$b1,$b1,$b1,$b1,$b1,$b0,$b0,$b0,$af
               2DF5   B8 B9 B8 B7
               2DF9   B7 B7 B7 B7
               2DFD   B6 B7 B6 B5
               2E01   B5 B5 B5 B5
               2E05   B4 B4 B4 B3
               2E09   B3 B3 B3 B3
               2E0D   B2 B2 B2 B1
               2E11   B1 B1 B1 B1
               2E15   B0 B0 B0 AF
    297        2E19   AF AF AF AF          FCB $af,$af,$af,$af,$ae,$ae,$ae,$ad,$ad,$ad,$ad,$ad,$ac,$ac,$ac,$ab,$ab,$ab,$ab,$ab,$aa,$aa,$a9,$a9,$a9,$a9,$a8,$a9,$a8,$a7,$a7,$a7,$a7,$a7,$a6,$a7,$a6,$a5,$a5,$a5
               2E1D   AE AE AE AD
               2E21   AD AD AD AD
               2E25   AC AC AC AB
               2E29   AB AB AB AB
               2E2D   AA AA A9 A9
               2E31   A9 A9 A8 A9
               2E35   A8 A7 A7 A7
               2E39   A7 A7 A6 A7
               2E3D   A6 A5 A5 A5
    298        2E41   A5 A5 A4 A4          FCB $a5,$a5,$a4,$a4,$a4,$a3,$a3,$a3,$a3,$a3,$a2,$a2,$a2,$a1,$a1,$a1,$a1,$a1,$a0,$a0,$a5,$a5,$a4,$a4,$a4,$a4,$a4,$a3,$a3,$a3,$a3,$a3,$a3,$a3,$a2,$a3,$a2,$a2,$a2,$a2
               2E45   A4 A3 A3 A3
               2E49   A3 A3 A2 A2
               2E4D   A2 A1 A1 A1
               2E51   A1 A1 A0 A0
               2E55   A5 A5 A4 A4
               2E59   A4 A4 A4 A3
               2E5D   A3 A3 A3 A3
               2E61   A3 A3 A2 A3
               2E65   A2 A2 A2 A2
    299        2E69   A2 A1 A1 A1          FCB $a2,$a1,$a1,$a1,$a1,$a1,$a1,$a1,$a0,$a1,$a0,$a0,$a0,$a0,$a0,$9f,$9f,$9f,$9f,$9f,$9f,$9f,$9e,$9f,$9e,$9e,$9e,$9e,$9d,$9d,$9d,$9d,$9d,$9d,$9d,$9d,$9c,$9c,$9c,$9c
               2E6D   A1 A1 A1 A1
               2E71   A0 A1 A0 A0
               2E75   A0 A0 A0 9F
               2E79   9F 9F 9F 9F
               2E7D   9F 9F 9E 9F
               2E81   9E 9E 9E 9E
               2E85   9D 9D 9D 9D
               2E89   9D 9D 9D 9D
               2E8D   9C 9C 9C 9C
    300        2E91   9C 9C 9B 9B          FCB $9c,$9c,$9b,$9b,$9b,$9b,$9b,$9b,$9b,$9b,$9a,$9a,$9a,$9a,$9a,$9a,$99,$99,$99,$99,$99,$99,$99,$99,$98,$98,$98,$98,$98,$97,$97,$97,$97,$97,$97,$97,$96,$97,$96,$96
               2E95   9B 9B 9B 9B
               2E99   9B 9B 9A 9A
               2E9D   9A 9A 9A 9A
               2EA1   99 99 99 99
               2EA5   99 99 99 99
               2EA9   98 98 98 98
               2EAD   98 97 97 97
               2EB1   97 97 97 97
               2EB5   96 97 96 96
    301        2EB9   94 94 94 94          FCB $94,$94,$94,$94,$94,$94,$94,$94,$94,$94,$94,$93,$94,$93,$94,$93,$94,$93,$94,$93,$94,$93,$93,$93,$93,$93,$93,$93,$93,$93,$93,$93,$93,$93,$93,$93,$93,$93,$93,$93
               2EBD   94 94 94 94
               2EC1   94 94 94 93
               2EC5   94 93 94 93
               2EC9   94 93 94 93
               2ECD   94 93 93 93
               2ED1   93 93 93 93
               2ED5   93 93 93 93
               2ED9   93 93 93 93
               2EDD   93 93 93 93
    302        2EE1   93 93 93 93          FCB $93,$93,$93,$93,$93,$93,$93,$93,$93,$93,$93,$92,$92,$92,$92,$93,$92,$92,$92,$92,$92,$92,$92,$92,$92,$91,$92,$92,$92,$92,$92,$91,$92,$91,$92,$91,$92,$91,$92,$91
               2EE5   93 93 93 93
               2EE9   93 93 93 92
               2EED   92 92 92 93
               2EF1   92 92 92 92
               2EF5   92 92 92 92
               2EF9   92 91 92 92
               2EFD   92 92 92 91
               2F01   92 91 92 91
               2F05   92 91 92 91
    303        2F09   91 91 91 91          FCB $91,$91,$91,$91,$91,$91,$91,$91,$91,$91,$91,$91,$91,$91,$91,$91,$91,$91,$91,$91,$68,$69,$69,$69,$69,$6a,$6a,$6b,$6a,$6b,$6b,$6c,$6b,$6d,$6c,$6d,$6d,$6d,$6d,$6f
               2F0D   91 91 91 91
               2F11   91 91 91 91
               2F15   91 91 91 91
               2F19   91 91 91 91
               2F1D   68 69 69 69
               2F21   69 6A 6A 6B
               2F25   6A 6B 6B 6C
               2F29   6B 6D 6C 6D
               2F2D   6D 6D 6D 6F
    304        2F31   6E 6F 6E 6F          FCB $6e,$6f,$6e,$6f,$6f,$70,$6f,$70,$70,$71,$70,$71,$71,$72,$71,$73,$72,$73,$72,$73,$73,$74,$74,$75,$74,$75,$75,$76,$75,$77,$76,$77,$76,$77,$77,$78,$77,$78,$78,$79
               2F35   6F 70 6F 70
               2F39   70 71 70 71
               2F3D   71 72 71 73
               2F41   72 73 72 73
               2F45   73 74 74 75
               2F49   74 75 75 76
               2F4D   75 77 76 77
               2F51   76 77 77 78
               2F55   77 78 78 79
    305        2F59   78 79 79 7A          FCB $78,$79,$79,$7a,$7a,$7b,$7a,$7b,$7b,$7b,$7b,$7d,$7c,$7d,$7c,$7d,$7d,$7e,$7d,$7f,$7e,$7f,$7e,$80,$7f,$80,$80,$81,$80,$81,$81,$81,$81,$82,$82,$83,$82,$83,$83,$84
               2F5D   7A 7B 7A 7B
               2F61   7B 7B 7B 7D
               2F65   7C 7D 7C 7D
               2F69   7D 7E 7D 7F
               2F6D   7E 7F 7E 80
               2F71   7F 80 80 81
               2F75   80 81 81 81
               2F79   81 82 82 83
               2F7D   82 83 83 84
    306        2F81                    LINE_MISSILE_DX
    307        2F81   15 1C 14 1C          FCB $15,$1c,$14,$1c,$14,$1b,$13,$1b,$13,$1b,$13,$1a,$12,$1a,$13,$1a,$12,$1a,$12,$19,$12,$19,$11,$18,$11,$19,$10,$17,$10,$18,$10,$17,$f,$17,$f,$16,$e,$16,$e,$16
               2F85   14 1B 13 1B
               2F89   13 1B 13 1A
               2F8D   12 1A 13 1A
               2F91   12 1A 12 19
               2F95   12 19 11 18
               2F99   11 19 10 17
               2F9D   10 18 10 17
               2FA1   0F 17 0F 16
               2FA5   0E 16 0E 16
    308        2FA9   0E 16 0D 15          FCB $e,$16,$d,$15,$e,$15,$d,$15,$d,$14,$d,$14,$c,$13,$c,$14,$c,$13,$b,$13,$b,$12,$a,$12,$a,$11,$a,$11,$9,$11,$9,$11,$9,$10,$9,$10,$9,$10,$8,$f
               2FAD   0E 15 0D 15
               2FB1   0D 14 0D 14
               2FB5   0C 13 0C 14
               2FB9   0C 13 0B 13
               2FBD   0B 12 0A 12
               2FC1   0A 11 0A 11
               2FC5   09 11 09 11
               2FC9   09 10 09 10
               2FCD   09 10 08 0F
    309        2FD1   08 0F 07 0E          FCB $8,$f,$7,$e,$7,$f,$7,$e,$6,$e,$6,$d,$5,$d,$5,$d,$5,$c,$4,$c,$3,$3,$4,$4,$3,$3,$4,$3,$3,$4,$3,$3,$4,$3,$3,$4,$4,$4,$3,$3
               2FD5   07 0F 07 0E
               2FD9   06 0E 06 0D
               2FDD   05 0D 05 0D
               2FE1   05 0C 04 0C
               2FE5   03 03 04 04
               2FE9   03 03 04 03
               2FED   03 04 03 03
               2FF1   04 03 03 04
               2FF5   04 04 03 03
    310        2FF9   03 03 04 04          FCB $3,$3,$4,$4,$3,$3,$4,$3,$3,$4,$3,$3,$4,$3,$3,$4,$4,$4,$3,$3,$3,$4,$4,$4,$3,$3,$4,$3,$4,$4,$3,$3,$4,$3,$3,$4,$3,$3,$4,$3
               2FFD   03 03 04 03
               3001   03 04 03 03
               3005   04 03 03 04
               3009   04 04 03 03
               300D   03 04 04 04
               3011   03 03 04 03
               3015   04 04 03 03
               3019   04 03 03 04
               301D   03 03 04 03
    311        3021   03 04 04 04          FCB $3,$4,$4,$4,$3,$3,$3,$3,$4,$4,$3,$3,$4,$3,$3,$4,$3,$3,$4,$3,$3,$4,$4,$4,$3,$3,$3,$3,$4,$4,$3,$3,$4,$3,$3,$4,$3,$3,$4,$3
               3025   03 03 03 03
               3029   04 04 03 03
               302D   04 03 03 04
               3031   03 03 04 03
               3035   03 04 04 04
               3039   03 03 03 03
               303D   04 04 03 03
               3041   04 03 03 04
               3045   03 03 04 03
    312        3049   14 16 13 16          FCB $14,$16,$13,$16,$13,$16,$13,$16,$12,$16,$12,$15,$12,$15,$12,$14,$12,$14,$12,$14,$11,$14,$11,$14,$11,$13,$10,$13,$10,$13,$10,$13,$f,$13,$f,$12,$f,$12,$e,$11
               304D   13 16 13 16
               3051   12 16 12 15
               3055   12 15 12 14
               3059   12 14 12 14
               305D   11 14 11 14
               3061   11 13 10 13
               3065   10 13 10 13
               3069   0F 13 0F 12
               306D   0F 12 0E 11
    313        3071   0E 11 0F 11          FCB $e,$11,$f,$11,$e,$11,$e,$11,$e,$10,$d,$f,$d,$f,$d,$f,$c,$f,$c,$f,$c,$e,$b,$e,$b,$e,$b,$e,$a,$e,$a,$d,$b,$d,$a,$c,$a,$c,$a,$c
               3075   0E 11 0E 11
               3079   0E 10 0D 0F
               307D   0D 0F 0D 0F
               3081   0C 0F 0C 0F
               3085   0C 0E 0B 0E
               3089   0B 0E 0B 0E
               308D   0A 0E 0A 0D
               3091   0B 0D 0A 0C
               3095   0A 0C 0A 0C
    314        3099   09 0C 09 0C          FCB $9,$c,$9,$c,$9,$b,$8,$b,$8,$b,$8,$b,$7,$b,$7,$a,$7,$9,$6,$9,$15,$13,$14,$13,$14,$12,$13,$12,$14,$12,$14,$12,$13,$12,$13,$11,$12,$11,$12,$11
               309D   09 0B 08 0B
               30A1   08 0B 08 0B
               30A5   07 0B 07 0A
               30A9   07 09 06 09
               30AD   15 13 14 13
               30B1   14 12 13 12
               30B5   14 12 14 12
               30B9   13 12 13 11
               30BD   12 11 12 11
    315        30C1   12 11 12 11          FCB $12,$11,$12,$11,$12,$10,$11,$10,$11,$f,$10,$f,$11,$f,$11,$f,$10,$f,$10,$f,$f,$f,$10,$e,$f,$e,$f,$e,$f,$d,$e,$d,$e,$d,$e,$c,$e,$c,$e,$c
               30C5   12 10 11 10
               30C9   11 0F 10 0F
               30CD   11 0F 11 0F
               30D1   10 0F 10 0F
               30D5   0F 0F 10 0E
               30D9   0F 0E 0F 0E
               30DD   0F 0D 0E 0D
               30E1   0E 0D 0E 0C
               30E5   0E 0C 0E 0C
    316        30E9   0D 0C 0D 0C          FCB $d,$c,$d,$c,$c,$c,$d,$c,$d,$b,$c,$b,$c,$a,$b,$a,$b,$a,$b,$9,$b,$9,$b,$9,$a,$9,$a,$9,$9,$9,$a,$9,$a,$8,$9,$8,$9,$7,$8,$7
               30ED   0C 0C 0D 0C
               30F1   0D 0B 0C 0B
               30F5   0C 0A 0B 0A
               30F9   0B 0A 0B 09
               30FD   0B 09 0B 09
               3101   0A 09 0A 09
               3105   09 09 0A 09
               3109   0A 08 09 08
               310D   09 07 08 07
    317        3111   03 03 02 03          FCB $3,$3,$2,$3,$3,$3,$2,$2,$3,$2,$3,$3,$3,$3,$3,$3,$2,$2,$3,$2,$2,$3,$3,$3,$3,$3,$2,$2,$3,$3,$2,$3,$3,$3,$3,$3,$3,$2,$3,$3
               3115   03 03 02 02
               3119   03 02 03 03
               311D   03 03 03 03
               3121   02 02 03 02
               3125   02 03 03 03
               3129   03 03 02 02
               312D   03 03 02 03
               3131   03 03 03 03
               3135   03 02 03 03
    318        3139   02 03 03 03          FCB $2,$3,$3,$3,$2,$2,$3,$2,$3,$3,$2,$3,$3,$3,$2,$2,$3,$2,$3,$3,$2,$3,$3,$3,$2,$2,$3,$2,$3,$3,$3,$3,$3,$3,$2,$2,$3,$2,$2,$3
               313D   02 02 03 02
               3141   03 03 02 03
               3145   03 03 02 02
               3149   03 02 03 03
               314D   02 03 03 03
               3151   02 02 03 02
               3155   03 03 03 03
               3159   03 03 02 02
               315D   03 02 02 03
    319        3161   03 03 03 03          FCB $3,$3,$3,$3,$2,$2,$3,$3,$2,$3,$3,$3,$3,$3,$3,$2,$3,$3,$2,$3,$1a,$14,$1a,$14,$19,$13,$19,$14,$19,$13,$18,$12,$18,$13,$18,$12,$18,$12,$17,$12
               3165   02 02 03 03
               3169   02 03 03 03
               316D   03 03 03 02
               3171   03 03 02 03
               3175   1A 14 1A 14
               3179   19 13 19 14
               317D   19 13 18 12
               3181   18 13 18 12
               3185   18 12 17 12
    320        3189   17 11 17 11          FCB $17,$11,$17,$11,$16,$11,$16,$10,$16,$10,$16,$10,$15,$f,$15,$f,$15,$f,$14,$e,$14,$e,$14,$d,$14,$e,$13,$d,$13,$c,$13,$d,$12,$c,$12,$c,$11,$c,$11,$b
               318D   16 11 16 10
               3191   16 10 16 10
               3195   15 0F 15 0F
               3199   15 0F 14 0E
               319D   14 0E 14 0D
               31A1   14 0E 13 0D
               31A5   13 0C 13 0D
               31A9   12 0C 12 0C
               31AD   11 0C 11 0B
    321        31B1   10 0B 10 0B          FCB $10,$b,$10,$b,$10,$a,$f,$a,$f,$a,$f,$9,$f,$9,$e,$9,$e,$8,$e,$9,$d,$8,$d,$7,$d,$8,$d,$7,$c,$7,$c,$7,$c,$6,$c,$6,$b,$6,$b,$5
               31B5   10 0A 0F 0A
               31B9   0F 0A 0F 09
               31BD   0F 09 0E 09
               31C1   0E 08 0E 09
               31C5   0D 08 0D 07
               31C9   0D 08 0D 07
               31CD   0C 07 0C 07
               31D1   0C 06 0C 06
               31D5   0B 06 0B 05
    322        31D9   05 05 05 05          FCB $5,$5,$5,$5,$5,$5,$5,$5,$5,$5,$5,$5,$5,$5,$5,$5,$5,$5,$5,$5,$5,$5,$5,$5,$5,$5,$5,$5,$5,$5,$5,$5,$5,$5,$5,$5,$5,$5,$5,$5
               31DD   05 05 05 05
               31E1   05 05 05 05
               31E5   05 05 05 05
               31E9   05 05 05 05
               31ED   05 05 05 05
               31F1   05 05 05 05
               31F5   05 05 05 05
               31F9   05 05 05 05
               31FD   05 05 05 05
    323        3201   05 06 05 05          FCB $5,$6,$5,$5,$5,$6,$5,$5,$6,$6,$6,$5,$6,$6,$6,$5,$5,$5,$5,$5,$5,$5,$5,$5,$5,$5,$5,$5,$5,$5,$5,$5,$5,$5,$5,$5,$5,$5,$5,$5
               3205   05 06 05 05
               3209   06 06 06 05
               320D   06 06 06 05
               3211   05 05 05 05
               3215   05 05 05 05
               3219   05 05 05 05
               321D   05 05 05 05
               3221   05 05 05 05
               3225   05 05 05 05
    324        3229   05 05 05 05          FCB $5,$5,$5,$5,$5,$5,$5,$5,$5,$5,$5,$5,$5,$5,$5,$5,$5,$5,$5,$5,$5,$5,$5,$5,$5,$5,$5,$5,$5,$5,$5,$5,$5,$5,$5,$5,$5,$5,$5,$5
               322D   05 05 05 05
               3231   05 05 05 05
               3235   05 05 05 05
               3239   05 05 05 05
               323D   05 05 05 05
               3241   05 05 05 05
               3245   05 05 05 05
               3249   05 05 05 05
               324D   05 05 05 05
    325        3251   05 05 05 05          FCB $5,$5,$5,$5,$5,$5,$5,$5,$5,$5,$5,$5,$5,$5,$5,$5,$5,$5,$5,$5,$5,$6,$5,$5,$5,$6,$5,$5,$6,$6,$6,$5,$6,$6,$6,$5,$5,$5,$5,$5
               3255   05 05 05 05
               3259   05 05 05 05
               325D   05 05 05 05
               3261   05 05 05 05
               3265   05 06 05 05
               3269   05 06 05 05
               326D   06 06 06 05
               3271   06 06 06 05
               3275   05 05 05 05
    326        3279   05 05 05 05          FCB $5,$5,$5,$5,$5,$5,$5,$5,$5,$5,$5,$5,$5,$5,$5,$5,$5,$5,$5,$5,$5,$5,$5,$5,$5,$5,$5,$5,$5,$5,$5,$5,$5,$5,$5,$5,$5,$5,$5,$5
               327D   05 05 05 05
               3281   05 05 05 05
               3285   05 05 05 05
               3289   05 05 05 05
               328D   05 05 05 05
               3291   05 05 05 05
               3295   05 05 05 05
               3299   05 05 05 05
               329D   05 05 05 05
    327        32A1   14 1A 14 19          FCB $14,$1a,$14,$19,$13,$1a,$14,$19,$13,$18,$12,$19,$12,$18,$12,$18,$12,$18,$11,$17,$12,$17,$11,$17,$10,$16,$10,$16,$10,$16,$10,$15,$f,$15,$f,$15,$f,$14,$e,$15
               32A5   13 1A 14 19
               32A9   13 18 12 19
               32AD   12 18 12 18
               32B1   12 18 11 17
               32B5   12 17 11 17
               32B9   10 16 10 16
               32BD   10 16 10 15
               32C1   0F 15 0F 15
               32C5   0F 14 0E 15
    328        32C9   0E 14 0E 13          FCB $e,$14,$e,$13,$e,$14,$d,$13,$d,$13,$d,$13,$c,$12,$c,$12,$c,$11,$b,$11,$b,$11,$b,$10,$b,$10,$a,$10,$9,$f,$a,$f,$9,$f,$9,$e,$9,$e,$9,$e
               32CD   0E 14 0D 13
               32D1   0D 13 0D 13
               32D5   0C 12 0C 12
               32D9   0C 11 0B 11
               32DD   0B 11 0B 10
               32E1   0B 10 0A 10
               32E5   09 0F 0A 0F
               32E9   09 0F 09 0E
               32ED   09 0E 09 0E
    329        32F1   08 0D 07 0E          FCB $8,$d,$7,$e,$8,$d,$7,$d,$7,$d,$7,$c,$6,$c,$6,$c,$5,$b,$6,$b,$3,$3,$2,$3,$3,$3,$2,$2,$3,$2,$3,$3,$3,$3,$3,$3,$2,$2,$3,$2
               32F5   08 0D 07 0D
               32F9   07 0D 07 0C
               32FD   06 0C 06 0C
               3301   05 0B 06 0B
               3305   03 03 02 03
               3309   03 03 02 02
               330D   03 02 03 03
               3311   03 03 03 03
               3315   02 02 03 02
    330        3319   02 03 03 03          FCB $2,$3,$3,$3,$3,$3,$2,$2,$3,$3,$2,$3,$3,$3,$3,$3,$3,$2,$3,$3,$2,$3,$3,$3,$2,$2,$3,$2,$3,$3,$2,$3,$3,$3,$2,$2,$3,$2,$3,$3
               331D   03 03 02 02
               3321   03 03 02 03
               3325   03 03 03 03
               3329   03 02 03 03
               332D   02 03 03 03
               3331   02 02 03 02
               3335   03 03 02 03
               3339   03 03 02 02
               333D   03 02 03 03
    331        3341   02 03 03 03          FCB $2,$3,$3,$3,$2,$2,$3,$2,$3,$3,$3,$3,$3,$3,$2,$2,$3,$2,$2,$3,$3,$3,$3,$3,$2,$2,$3,$3,$2,$3,$3,$3,$3,$3,$3,$2,$3,$3,$2,$3
               3345   02 02 03 02
               3349   03 03 03 03
               334D   03 03 02 02
               3351   03 02 02 03
               3355   03 03 03 03
               3359   02 02 03 03
               335D   02 03 03 03
               3361   03 03 03 02
               3365   03 03 02 03
    332        3369   13 15 13 14          FCB $13,$15,$13,$14,$13,$14,$13,$14,$12,$14,$12,$14,$12,$13,$12,$13,$12,$12,$11,$12,$10,$12,$10,$12,$10,$12,$10,$12,$10,$12,$f,$11,$f,$11,$f,$11,$f,$10,$f,$10
               336D   13 14 13 14
               3371   12 14 12 14
               3375   12 13 12 13
               3379   12 12 11 12
               337D   10 12 10 12
               3381   10 12 10 12
               3385   10 12 0F 11
               3389   0F 11 0F 11
               338D   0F 10 0F 10
    333        3391   0F 10 0E 0F          FCB $f,$10,$e,$f,$e,$f,$e,$f,$e,$f,$e,$f,$d,$f,$d,$e,$d,$e,$c,$e,$c,$d,$c,$d,$b,$d,$b,$d,$b,$d,$b,$d,$b,$d,$a,$c,$a,$c,$a,$b
               3395   0E 0F 0E 0F
               3399   0E 0F 0E 0F
               339D   0D 0F 0D 0E
               33A1   0D 0E 0C 0E
               33A5   0C 0D 0C 0D
               33A9   0B 0D 0B 0D
               33AD   0B 0D 0B 0D
               33B1   0B 0D 0A 0C
               33B5   0A 0C 0A 0B
    334        33B9   0A 0B 0A 0B          FCB $a,$b,$a,$b,$a,$a,$9,$a,$9,$a,$9,$a,$9,$a,$9,$a,$7,$a,$7,$9,$17,$14,$17,$14,$16,$14,$17,$14,$16,$13,$15,$13,$16,$12,$15,$12,$15,$12,$14,$12
               33BD   0A 0A 09 0A
               33C1   09 0A 09 0A
               33C5   09 0A 09 0A
               33C9   07 0A 07 09
               33CD   17 14 17 14
               33D1   16 14 17 14
               33D5   16 13 15 13
               33D9   16 12 15 12
               33DD   15 12 14 12
    335        33E1   14 12 14 11          FCB $14,$12,$14,$11,$13,$11,$14,$11,$13,$11,$12,$11,$13,$10,$12,$f,$12,$f,$12,$f,$11,$f,$11,$f,$11,$e,$11,$e,$10,$d,$10,$d,$10,$d,$f,$d,$10,$d,$f,$c
               33E5   13 11 14 11
               33E9   13 11 12 11
               33ED   13 10 12 0F
               33F1   12 0F 12 0F
               33F5   11 0F 11 0F
               33F9   11 0E 11 0E
               33FD   10 0D 10 0D
               3401   10 0D 0F 0D
               3405   10 0D 0F 0C
    336        3409   0E 0C 0F 0C          FCB $e,$c,$f,$c,$e,$c,$d,$c,$e,$b,$d,$a,$d,$a,$d,$a,$c,$a,$c,$a,$c,$9,$c,$9,$b,$8,$b,$8,$b,$8,$a,$8,$b,$8,$a,$7,$9,$7,$a,$7
               340D   0E 0C 0D 0C
               3411   0E 0B 0D 0A
               3415   0D 0A 0D 0A
               3419   0C 0A 0C 0A
               341D   0C 09 0C 09
               3421   0B 08 0B 08
               3425   0B 08 0A 08
               3429   0B 08 0A 07
               342D   09 07 0A 07
    337        3431   03 03 04 03          FCB $3,$3,$4,$3,$3,$4,$4,$4,$3,$3,$3,$3,$4,$4,$3,$3,$4,$3,$3,$4,$3,$3,$4,$3,$3,$4,$4,$4,$3,$3,$3,$3,$4,$4,$3,$3,$4,$3,$3,$4
               3435   03 04 04 04
               3439   03 03 03 03
               343D   04 04 03 03
               3441   04 03 03 04
               3445   03 03 04 03
               3449   03 04 04 04
               344D   03 03 03 03
               3451   04 04 03 03
               3455   04 03 03 04
    338        3459   03 03 04 03          FCB $3,$3,$4,$3,$3,$4,$4,$4,$3,$3,$3,$4,$4,$4,$3,$3,$4,$3,$4,$4,$3,$3,$4,$3,$3,$4,$3,$3,$4,$3,$3,$4,$4,$4,$3,$3,$3,$3,$4,$4
               345D   03 04 04 04
               3461   03 03 03 04
               3465   04 04 03 03
               3469   04 03 04 04
               346D   03 03 04 03
               3471   03 04 03 03
               3475   04 03 03 04
               3479   04 04 03 03
               347D   03 03 04 04
    339        3481   03 03 04 03          FCB $3,$3,$4,$3,$3,$4,$3,$3,$4,$3,$3,$4,$4,$4,$3,$3,$3,$3,$4,$4,$1c,$15,$1b,$13,$1b,$14,$1b,$13,$1b,$13,$19,$12,$19,$12,$19,$12,$19,$11,$18,$11
               3485   03 04 03 03
               3489   04 03 03 04
               348D   04 04 03 03
               3491   03 03 04 04
               3495   1C 15 1B 13
               3499   1B 14 1B 13
               349D   1B 13 19 12
               34A1   19 12 19 12
               34A5   19 11 18 11
    340        34A9   18 11 18 11          FCB $18,$11,$18,$11,$18,$10,$17,$10,$17,$f,$17,$10,$17,$f,$16,$f,$16,$e,$16,$e,$15,$e,$14,$d,$14,$d,$14,$c,$14,$c,$13,$c,$13,$c,$13,$b,$13,$b,$12,$a
               34AD   18 10 17 10
               34B1   17 0F 17 10
               34B5   17 0F 16 0F
               34B9   16 0E 16 0E
               34BD   15 0E 14 0D
               34C1   14 0D 14 0C
               34C5   14 0C 13 0C
               34C9   13 0C 13 0B
               34CD   13 0B 12 0A
    341        34D1   12 0B 12 0A          FCB $12,$b,$12,$a,$11,$a,$11,$9,$11,$9,$10,$9,$f,$8,$f,$8,$f,$8,$f,$8,$e,$7,$e,$7,$e,$6,$e,$7,$d,$5,$d,$6,$d,$5,$d,$5,$c,$4,$b,$4
               34D5   11 0A 11 09
               34D9   11 09 10 09
               34DD   0F 08 0F 08
               34E1   0F 08 0F 08
               34E5   0E 07 0E 07
               34E9   0E 06 0E 07
               34ED   0D 05 0D 06
               34F1   0D 05 0D 05
               34F5   0C 04 0B 04
    342        34F9   06 06 06 06          FCB $6,$6,$6,$6,$6,$6,$6,$6,$6,$6,$6,$6,$6,$6,$6,$6,$6,$6,$6,$6,$6,$6,$6,$6,$6,$6,$6,$6,$6,$6,$6,$6,$6,$6,$6,$6,$6,$6,$6,$6
               34FD   06 06 06 06
               3501   06 06 06 06
               3505   06 06 06 06
               3509   06 06 06 06
               350D   06 06 06 06
               3511   06 06 06 06
               3515   06 06 06 06
               3519   06 06 06 06
               351D   06 06 06 06
    343        3521   06 06 06 06          FCB $6,$6,$6,$6,$6,$6,$6,$6,$6,$6,$6,$6,$6,$6,$6,$6,$7,$7,$6,$6,$6,$6,$6,$6,$6,$6,$6,$6,$6,$6,$6,$6,$6,$6,$6,$6,$6,$6,$6,$6
               3525   06 06 06 06
               3529   06 06 06 06
               352D   06 06 06 06
               3531   07 07 06 06
               3535   06 06 06 06
               3539   06 06 06 06
               353D   06 06 06 06
               3541   06 06 06 06
               3545   06 06 06 06
    344        3549   06 06 06 06          FCB $6,$6,$6,$6,$6,$6,$6,$6,$6,$6,$6,$6,$6,$6,$6,$6,$6,$6,$6,$6,$6,$6,$6,$6,$6,$6,$6,$6,$6,$6,$6,$6,$6,$6,$6,$6,$6,$6,$6,$6
               354D   06 06 06 06
               3551   06 06 06 06
               3555   06 06 06 06
               3559   06 06 06 06
               355D   06 06 06 06
               3561   06 06 06 06
               3565   06 06 06 06
               3569   06 06 06 06
               356D   06 06 06 06
    345        3571   06 06 06 06          FCB $6,$6,$6,$6,$6,$6,$6,$6,$6,$6,$6,$6,$6,$6,$6,$6,$6,$6,$6,$6,$6,$6,$6,$6,$6,$6,$6,$6,$6,$6,$6,$6,$6,$6,$6,$6,$7,$7,$6,$6
               3575   06 06 06 06
               3579   06 06 06 06
               357D   06 06 06 06
               3581   06 06 06 06
               3585   06 06 06 06
               3589   06 06 06 06
               358D   06 06 06 06
               3591   06 06 06 06
               3595   07 07 06 06
    346        3599   06 06 06 06          FCB $6,$6,$6,$6,$6,$6,$6,$6,$6,$6,$6,$6,$6,$6,$6,$6,$6,$6,$6,$6,$6,$6,$6,$6,$6,$6,$6,$6,$6,$6,$6,$6,$6,$6,$6,$6,$6,$6,$6,$6
               359D   06 06 06 06
               35A1   06 06 06 06
               35A5   06 06 06 06
               35A9   06 06 06 06
               35AD   06 06 06 06
               35B1   06 06 06 06
               35B5   06 06 06 06
               35B9   06 06 06 06
               35BD   06 06 06 06
    347        35C1                    LINE_MISSILE_DY
    348        35C1   05 04 05 05          FCB $5,$4,$5,$5,$5,$4,$4,$5,$4,$4,$4,$5,$4,$4,$5,$5,$5,$5,$5,$5,$5,$5,$5,$5,$5,$5,$5,$4,$5,$5,$5,$4,$5,$5,$4,$4,$4,$5,$4,$4
               35C5   05 04 04 05
               35C9   04 04 04 05
               35CD   04 04 05 05
               35D1   05 05 05 05
               35D5   05 05 05 05
               35D9   05 05 05 04
               35DD   05 05 05 04
               35E1   05 05 04 04
               35E5   04 05 04 04
    349        35E9   04 05 05 05          FCB $4,$5,$5,$5,$5,$5,$5,$5,$5,$5,$5,$5,$5,$5,$5,$5,$5,$4,$5,$5,$5,$4,$5,$5,$4,$4,$4,$5,$4,$4,$4,$5,$5,$5,$5,$5,$5,$5,$5,$5
               35ED   05 05 05 05
               35F1   05 05 05 05
               35F5   05 05 05 05
               35F9   05 04 05 05
               35FD   05 04 05 05
               3601   04 04 04 05
               3605   04 04 04 05
               3609   05 05 05 05
               360D   05 05 05 05
    350        3611   05 05 05 05          FCB $5,$5,$5,$5,$5,$5,$5,$4,$5,$5,$5,$4,$4,$5,$4,$4,$4,$5,$4,$4,$17,$e,$17,$d,$17,$e,$16,$d,$16,$d,$16,$d,$15,$c,$15,$c,$16,$c,$15,$c
               3615   05 05 05 04
               3619   05 05 05 04
               361D   04 05 04 04
               3621   04 05 04 04
               3625   17 0E 17 0D
               3629   17 0E 16 0D
               362D   16 0D 16 0D
               3631   15 0C 15 0C
               3635   16 0C 15 0C
    351        3639   15 0B 14 0B          FCB $15,$b,$14,$b,$14,$b,$14,$b,$14,$b,$14,$a,$14,$b,$13,$a,$13,$a,$12,$a,$12,$9,$13,$9,$12,$8,$12,$9,$12,$8,$11,$8,$11,$8,$11,$7,$11,$8,$11,$7
               363D   14 0B 14 0B
               3641   14 0B 14 0A
               3645   14 0B 13 0A
               3649   13 0A 12 0A
               364D   12 09 13 09
               3651   12 08 12 09
               3655   12 08 11 08
               3659   11 08 11 07
               365D   11 08 11 07
    352        3661   10 07 10 07          FCB $10,$7,$10,$7,$f,$6,$f,$7,$10,$6,$f,$6,$f,$5,$f,$6,$e,$5,$e,$5,$e,$5,$e,$4,$e,$5,$d,$4,$d,$4,$d,$4,$d,$3,$d,$4,$c,$3,$c,$3
               3665   0F 06 0F 07
               3669   10 06 0F 06
               366D   0F 05 0F 06
               3671   0E 05 0E 05
               3675   0E 05 0E 04
               3679   0E 05 0D 04
               367D   0D 04 0D 04
               3681   0D 03 0D 04
               3685   0C 03 0C 03
    353        3689   07 07 06 07          FCB $7,$7,$6,$7,$7,$6,$6,$6,$6,$7,$7,$6,$6,$6,$7,$7,$7,$6,$6,$6,$7,$7,$6,$7,$6,$6,$7,$7,$6,$7,$7,$6,$7,$7,$6,$7,$7,$6,$6,$6
               368D   07 06 06 06
               3691   06 07 07 06
               3695   06 06 07 07
               3699   07 06 06 06
               369D   07 07 06 07
               36A1   06 06 07 07
               36A5   06 07 07 06
               36A9   07 07 06 07
               36AD   07 06 06 06
    354        36B1   06 07 07 06          FCB $6,$7,$7,$6,$6,$6,$7,$7,$7,$7,$6,$6,$7,$7,$6,$7,$7,$6,$7,$7,$6,$7,$7,$6,$6,$6,$6,$7,$7,$6,$6,$6,$7,$7,$7,$6,$6,$6,$7,$7
               36B5   06 06 07 07
               36B9   07 07 06 06
               36BD   07 07 06 07
               36C1   07 06 07 07
               36C5   06 07 07 06
               36C9   06 06 06 07
               36CD   07 06 06 06
               36D1   07 07 07 06
               36D5   06 06 07 07
    355        36D9   06 07 06 06          FCB $6,$7,$6,$6,$7,$7,$6,$7,$7,$6,$7,$7,$6,$7,$7,$6,$6,$6,$6,$7,$7,$7,$6,$7,$7,$6,$6,$6,$6,$7,$7,$6,$6,$6,$7,$7,$7,$6,$6,$6
               36DD   07 07 06 07
               36E1   07 06 07 07
               36E5   06 07 07 06
               36E9   06 06 06 07
               36ED   07 07 06 07
               36F1   07 06 06 06
               36F5   06 07 07 06
               36F9   06 06 07 07
               36FD   07 06 06 06
    356        3701   07 07 06 07          FCB $7,$7,$6,$7,$6,$6,$7,$7,$6,$7,$7,$6,$7,$7,$6,$7,$7,$6,$6,$6,$6,$7,$7,$6,$6,$6,$7,$7,$7,$7,$6,$6,$7,$7,$6,$7,$7,$6,$7,$7
               3705   06 06 07 07
               3709   06 07 07 06
               370D   07 07 06 07
               3711   07 06 06 06
               3715   06 07 07 06
               3719   06 06 07 07
               371D   07 07 06 06
               3721   07 07 06 07
               3725   07 06 07 07
    357        3729   06 07 07 06          FCB $6,$7,$7,$6,$6,$6,$6,$7,$7,$6,$6,$6,$7,$7,$7,$6,$6,$6,$7,$7,$6,$7,$6,$6,$7,$7,$6,$7,$7,$6,$7,$7,$6,$7,$7,$6,$6,$6,$6,$7
               372D   06 06 06 07
               3731   07 06 06 06
               3735   07 07 07 06
               3739   06 06 07 07
               373D   06 07 06 06
               3741   07 07 06 07
               3745   07 06 07 07
               3749   06 07 07 06
               374D   06 06 06 07
    358        3751   0F 18 0F 17          FCB $f,$18,$f,$17,$f,$18,$e,$17,$e,$17,$e,$17,$e,$16,$d,$17,$d,$16,$c,$16,$c,$16,$c,$15,$c,$16,$c,$15,$c,$15,$c,$14,$b,$15,$b,$14,$b,$14,$b,$14
               3755   0F 18 0E 17
               3759   0E 17 0E 17
               375D   0E 16 0D 17
               3761   0D 16 0C 16
               3765   0C 16 0C 15
               3769   0C 16 0C 15
               376D   0C 15 0C 14
               3771   0B 15 0B 14
               3775   0B 14 0B 14
    359        3779   0B 13 0A 14          FCB $b,$13,$a,$14,$9,$13,$9,$13,$9,$13,$9,$12,$9,$13,$9,$12,$8,$12,$8,$11,$8,$11,$8,$11,$8,$10,$8,$11,$8,$10,$7,$10,$6,$10,$6,$10,$6,$10,$6,$f
               377D   09 13 09 13
               3781   09 13 09 12
               3785   09 13 09 12
               3789   08 12 08 11
               378D   08 11 08 11
               3791   08 10 08 11
               3795   08 10 07 10
               3799   06 10 06 10
               379D   06 10 06 0F
    360        37A1   06 0F 05 0F          FCB $6,$f,$5,$f,$5,$f,$5,$e,$5,$e,$5,$e,$5,$d,$5,$e,$4,$d,$4,$d,$5,$4,$5,$5,$5,$4,$4,$5,$4,$4,$4,$5,$4,$4,$5,$5,$5,$5,$5,$5
               37A5   05 0F 05 0E
               37A9   05 0E 05 0E
               37AD   05 0D 05 0E
               37B1   04 0D 04 0D
               37B5   05 04 05 05
               37B9   05 04 04 05
               37BD   04 04 04 05
               37C1   04 04 05 05
               37C5   05 05 05 05
    361        37C9   05 05 05 05          FCB $5,$5,$5,$5,$5,$5,$5,$4,$5,$5,$5,$4,$5,$5,$4,$4,$4,$5,$4,$4,$4,$5,$5,$5,$5,$5,$5,$5,$5,$5,$5,$5,$5,$5,$5,$5,$5,$4,$5,$5
               37CD   05 05 05 04
               37D1   05 05 05 04
               37D5   05 05 04 04
               37D9   04 05 04 04
               37DD   04 05 05 05
               37E1   05 05 05 05
               37E5   05 05 05 05
               37E9   05 05 05 05
               37ED   05 04 05 05
    362        37F1   05 04 05 05          FCB $5,$4,$5,$5,$4,$4,$4,$5,$4,$4,$4,$5,$5,$5,$5,$5,$5,$5,$5,$5,$5,$5,$5,$5,$5,$5,$5,$4,$5,$5,$5,$4,$4,$5,$4,$4,$4,$5,$4,$4
               37F5   04 04 04 05
               37F9   04 04 04 05
               37FD   05 05 05 05
               3801   05 05 05 05
               3805   05 05 05 05
               3809   05 05 05 04
               380D   05 05 05 04
               3811   04 05 04 04
               3815   04 05 04 04
    363        3819   13 18 14 18          FCB $13,$18,$14,$18,$13,$18,$12,$17,$13,$17,$12,$17,$11,$16,$12,$16,$11,$17,$10,$16,$11,$15,$10,$16,$10,$15,$10,$14,$f,$15,$f,$14,$f,$13,$e,$14,$e,$13,$e,$12
               381D   13 18 12 17
               3821   13 17 12 17
               3825   11 16 12 16
               3829   11 17 10 16
               382D   11 15 10 16
               3831   10 15 10 14
               3835   0F 15 0F 14
               3839   0F 13 0E 14
               383D   0E 13 0E 12
    364        3841   0E 12 0D 13          FCB $e,$12,$d,$13,$d,$12,$d,$11,$c,$12,$c,$11,$c,$10,$b,$11,$b,$10,$b,$f,$a,$10,$a,$f,$a,$e,$9,$f,$9,$e,$9,$d,$8,$e,$8,$e,$8,$d,$8,$d
               3845   0D 12 0D 11
               3849   0C 12 0C 11
               384D   0C 10 0B 11
               3851   0B 10 0B 0F
               3855   0A 10 0A 0F
               3859   0A 0E 09 0F
               385D   09 0E 09 0D
               3861   08 0E 08 0E
               3865   08 0D 08 0D
    365        3869   07 0D 07 0C          FCB $7,$d,$7,$c,$7,$c,$6,$c,$6,$b,$6,$b,$5,$b,$6,$a,$5,$a,$4,$a,$17,$17,$16,$16,$16,$16,$16,$16,$16,$15,$15,$15,$15,$15,$14,$15,$14,$14,$13,$14
               386D   07 0C 06 0C
               3871   06 0B 06 0B
               3875   05 0B 06 0A
               3879   05 0A 04 0A
               387D   17 17 16 16
               3881   16 16 16 16
               3885   16 15 15 15
               3889   15 15 14 15
               388D   14 14 13 14
    366        3891   13 14 13 13          FCB $13,$14,$13,$13,$12,$13,$12,$13,$12,$13,$12,$12,$11,$12,$11,$12,$11,$12,$10,$11,$10,$11,$10,$11,$10,$10,$f,$10,$f,$10,$f,$f,$f,$f,$e,$f,$e,$f,$e,$e
               3895   12 13 12 13
               3899   12 13 12 12
               389D   11 12 11 12
               38A1   11 12 10 11
               38A5   10 11 10 11
               38A9   10 10 0F 10
               38AD   0F 10 0F 0F
               38B1   0F 0F 0E 0F
               38B5   0E 0F 0E 0E
    367        38B9   0D 0E 0D 0E          FCB $d,$e,$d,$e,$d,$d,$d,$d,$c,$d,$c,$c,$c,$c,$c,$c,$b,$b,$b,$b,$b,$b,$a,$a,$a,$a,$a,$a,$a,$9,$9,$9,$8,$9,$8,$8,$7,$8,$7,$8
               38BD   0D 0D 0D 0D
               38C1   0C 0D 0C 0C
               38C5   0C 0C 0C 0C
               38C9   0B 0B 0B 0B
               38CD   0B 0B 0A 0A
               38D1   0A 0A 0A 0A
               38D5   0A 09 09 09
               38D9   08 09 08 08
               38DD   07 08 07 08
    368        38E1   02 02 02 02          FCB $2,$2,$2,$2,$2,$2,$2,$2,$2,$3,$2,$2,$2,$2,$2,$2,$3,$2,$2,$2,$2,$2,$2,$3,$2,$2,$2,$2,$2,$2,$3,$2,$2,$2,$2,$2,$2,$2,$2,$2
               38E5   02 02 02 02
               38E9   02 03 02 02
               38ED   02 02 02 02
               38F1   03 02 02 02
               38F5   02 02 02 03
               38F9   02 02 02 02
               38FD   02 02 03 02
               3901   02 02 02 02
               3905   02 02 02 02
    369        3909   02 02 02 02          FCB $2,$2,$2,$2,$2,$2,$2,$2,$2,$2,$2,$2,$3,$3,$2,$2,$2,$2,$2,$2,$2,$2,$2,$2,$2,$2,$2,$3,$2,$2,$2,$2,$2,$2,$3,$2,$2,$2,$2,$2
               390D   02 02 02 02
               3911   02 02 02 02
               3915   03 03 02 02
               3919   02 02 02 02
               391D   02 02 02 02
               3921   02 02 02 03
               3925   02 02 02 02
               3929   02 02 03 02
               392D   02 02 02 02
    370        3931   02 03 02 02          FCB $2,$3,$2,$2,$2,$2,$2,$2,$3,$2,$2,$2,$2,$2,$2,$2,$2,$2,$2,$2,$17,$12,$17,$13,$17,$13,$16,$12,$16,$11,$16,$12,$16,$12,$15,$11,$15,$10,$15,$11
               3935   02 02 02 02
               3939   03 02 02 02
               393D   02 02 02 02
               3941   02 02 02 02
               3945   17 12 17 13
               3949   17 13 16 12
               394D   16 11 16 12
               3951   16 12 15 11
               3955   15 10 15 11
    371        3959   15 11 14 10          FCB $15,$11,$14,$10,$14,$10,$14,$10,$14,$10,$13,$f,$13,$f,$13,$f,$13,$f,$12,$e,$12,$e,$12,$e,$12,$e,$11,$d,$11,$d,$11,$d,$11,$d,$10,$c,$11,$c,$10,$c
               395D   14 10 14 10
               3961   14 10 13 0F
               3965   13 0F 13 0F
               3969   13 0F 12 0E
               396D   12 0E 12 0E
               3971   12 0E 11 0D
               3975   11 0D 11 0D
               3979   11 0D 10 0C
               397D   11 0C 10 0C
    372        3981   10 0C 0F 0B          FCB $10,$c,$f,$b,$10,$b,$f,$b,$f,$b,$e,$a,$f,$a,$e,$a,$e,$a,$d,$9,$e,$9,$d,$a,$d,$9,$c,$8,$d,$8,$c,$9,$c,$8,$c,$7,$c,$8,$c,$8
               3985   10 0B 0F 0B
               3989   0F 0B 0E 0A
               398D   0F 0A 0E 0A
               3991   0E 0A 0D 09
               3995   0E 09 0D 0A
               3999   0D 09 0C 08
               399D   0D 08 0C 09
               39A1   0C 08 0C 07
               39A5   0C 08 0C 08
    373        39A9   04 04 04 04          FCB $4,$4,$4,$4,$4,$4,$4,$4,$4,$4,$4,$4,$4,$4,$4,$4,$4,$4,$4,$4,$4,$4,$4,$4,$4,$4,$4,$4,$4,$4,$4,$4,$4,$4,$4,$4,$4,$4,$4,$4
               39AD   04 04 04 04
               39B1   04 04 04 04
               39B5   04 04 04 04
               39B9   04 04 04 04
               39BD   04 04 04 04
               39C1   04 04 04 04
               39C5   04 04 04 04
               39C9   04 04 04 04
               39CD   04 04 04 04
    374        39D1   04 04 04 04          FCB $4,$4,$4,$4,$4,$4,$4,$4,$3,$3,$4,$4,$4,$4,$4,$4,$4,$4,$4,$4,$4,$4,$4,$4,$4,$4,$4,$4,$4,$4,$4,$4,$4,$4,$4,$4,$4,$4,$4,$4
               39D5   04 04 04 04
               39D9   03 03 04 04
               39DD   04 04 04 04
               39E1   04 04 04 04
               39E5   04 04 04 04
               39E9   04 04 04 04
               39ED   04 04 04 04
               39F1   04 04 04 04
               39F5   04 04 04 04
    375        39F9   04 04 04 04          FCB $4,$4,$4,$4,$4,$4,$4,$4,$4,$4,$4,$4,$4,$4,$4,$4,$4,$4,$4,$4,$4,$4,$4,$4,$4,$4,$4,$4,$4,$4,$4,$4,$4,$4,$4,$4,$4,$4,$4,$4
               39FD   04 04 04 04
               3A01   04 04 04 04
               3A05   04 04 04 04
               3A09   04 04 04 04
               3A0D   04 04 04 04
               3A11   04 04 04 04
               3A15   04 04 04 04
               3A19   04 04 04 04
               3A1D   04 04 04 04
    376        3A21   04 04 04 04          FCB $4,$4,$4,$4,$4,$4,$4,$4,$4,$4,$4,$4,$4,$4,$4,$4,$4,$4,$4,$4,$4,$4,$4,$4,$4,$4,$4,$4,$3,$3,$4,$4,$4,$4,$4,$4,$4,$4,$4,$4
               3A25   04 04 04 04
               3A29   04 04 04 04
               3A2D   04 04 04 04
               3A31   04 04 04 04
               3A35   04 04 04 04
               3A39   04 04 04 04
               3A3D   03 03 04 04
               3A41   04 04 04 04
               3A45   04 04 04 04
    377        3A49   04 04 04 04          FCB $4,$4,$4,$4,$4,$4,$4,$4,$4,$4,$4,$4,$4,$4,$4,$4,$4,$4,$4,$4,$4,$4,$4,$4,$4,$4,$4,$4,$4,$4,$4,$4,$4,$4,$4,$4,$4,$4,$4,$4
               3A4D   04 04 04 04
               3A51   04 04 04 04
               3A55   04 04 04 04
               3A59   04 04 04 04
               3A5D   04 04 04 04
               3A61   04 04 04 04
               3A65   04 04 04 04
               3A69   04 04 04 04
               3A6D   04 04 04 04
    378        3A71   13 17 13 17          FCB $13,$17,$13,$17,$12,$16,$12,$17,$11,$16,$12,$16,$11,$15,$11,$16,$11,$15,$11,$15,$10,$15,$11,$15,$10,$14,$10,$14,$f,$14,$10,$14,$f,$13,$f,$13,$f,$13,$f,$13
               3A75   12 16 12 17
               3A79   11 16 12 16
               3A7D   11 15 11 16
               3A81   11 15 11 15
               3A85   10 15 11 15
               3A89   10 14 10 14
               3A8D   0F 14 10 14
               3A91   0F 13 0F 13
               3A95   0F 13 0F 13
    379        3A99   0E 12 0E 12          FCB $e,$12,$e,$12,$e,$12,$e,$12,$d,$11,$e,$11,$d,$11,$d,$11,$d,$11,$d,$10,$c,$10,$b,$10,$c,$10,$b,$f,$b,$10,$b,$f,$b,$f,$a,$e,$a,$f,$a,$e
               3A9D   0E 12 0E 12
               3AA1   0D 11 0E 11
               3AA5   0D 11 0D 11
               3AA9   0D 11 0D 10
               3AAD   0C 10 0B 10
               3AB1   0C 10 0B 0F
               3AB5   0B 10 0B 0F
               3AB9   0B 0F 0A 0E
               3ABD   0A 0F 0A 0E
    380        3AC1   0A 0E 09 0E          FCB $a,$e,$9,$e,$a,$e,$9,$d,$9,$d,$8,$d,$9,$d,$8,$c,$8,$c,$8,$c,$2,$2,$2,$2,$2,$2,$2,$3,$3,$3,$2,$2,$2,$2,$3,$2,$2,$2,$2,$2
               3AC5   0A 0E 09 0D
               3AC9   09 0D 08 0D
               3ACD   09 0D 08 0C
               3AD1   08 0C 08 0C
               3AD5   02 02 02 02
               3AD9   02 02 02 03
               3ADD   03 03 02 02
               3AE1   02 02 03 02
               3AE5   02 02 02 02
    381        3AE9   02 03 02 02          FCB $2,$3,$2,$2,$2,$2,$2,$2,$3,$2,$2,$2,$2,$2,$2,$3,$2,$2,$2,$2,$2,$2,$3,$2,$2,$2,$2,$2,$3,$3,$2,$2,$2,$2,$2,$2,$2,$2,$2,$2
               3AED   02 02 02 02
               3AF1   03 02 02 02
               3AF5   02 02 02 03
               3AF9   02 02 02 02
               3AFD   02 02 03 02
               3B01   02 02 02 02
               3B05   03 03 02 02
               3B09   02 02 02 02
               3B0D   02 02 02 02
    382        3B11   02 02 03 03          FCB $2,$2,$3,$3,$2,$2,$2,$2,$2,$2,$2,$2,$2,$2,$2,$2,$3,$3,$2,$2,$2,$2,$2,$2,$2,$2,$2,$2,$2,$3,$3,$3,$2,$2,$2,$2,$3,$2,$2,$2
               3B15   02 02 02 02
               3B19   02 02 02 02
               3B1D   02 02 02 02
               3B21   03 03 02 02
               3B25   02 02 02 02
               3B29   02 02 02 02
               3B2D   02 03 03 03
               3B31   02 02 02 02
               3B35   03 02 02 02
    383        3B39   12 13 12 12          FCB $12,$13,$12,$12,$12,$12,$11,$12,$11,$12,$11,$12,$11,$12,$11,$12,$11,$11,$10,$11,$10,$11,$f,$10,$f,$10,$f,$10,$f,$10,$f,$f,$e,$f,$e,$f,$e,$e,$e,$e
               3B3D   12 12 11 12
               3B41   11 12 11 12
               3B45   11 12 11 12
               3B49   11 11 10 11
               3B4D   10 11 0F 10
               3B51   0F 10 0F 10
               3B55   0F 10 0F 0F
               3B59   0E 0F 0E 0F
               3B5D   0E 0E 0E 0E
    384        3B61   0E 0E 0E 0E          FCB $e,$e,$e,$e,$d,$d,$d,$d,$d,$d,$d,$d,$c,$d,$c,$c,$c,$c,$b,$c,$b,$c,$b,$c,$b,$c,$b,$b,$b,$b,$a,$b,$a,$b,$a,$b,$a,$b,$a,$a
               3B65   0D 0D 0D 0D
               3B69   0D 0D 0D 0D
               3B6D   0C 0D 0C 0C
               3B71   0C 0C 0B 0C
               3B75   0B 0C 0B 0C
               3B79   0B 0C 0B 0B
               3B7D   0B 0B 0A 0B
               3B81   0A 0B 0A 0B
               3B85   0A 0B 0A 0A
    385        3B89   09 0A 08 0A          FCB $9,$a,$8,$a,$8,$9,$8,$9,$8,$9,$8,$9,$8,$8,$8,$8,$7,$8,$7,$7,$1d,$19,$1d,$19,$1c,$18,$1c,$18,$1b,$18,$1b,$17,$1a,$16,$1b,$16,$1b,$16,$1a,$15
               3B8D   08 09 08 09
               3B91   08 09 08 09
               3B95   08 08 08 08
               3B99   07 08 07 07
               3B9D   1D 19 1D 19
               3BA1   1C 18 1C 18
               3BA5   1B 18 1B 17
               3BA9   1A 16 1B 16
               3BAD   1B 16 1A 15
    386        3BB1   1A 15 19 15          FCB $1a,$15,$19,$15,$19,$14,$18,$14,$18,$13,$17,$13,$17,$13,$16,$12,$16,$12,$15,$12,$15,$11,$16,$10,$15,$11,$15,$10,$14,$f,$14,$f,$13,$f,$13,$e,$12,$e,$12,$e
               3BB5   19 14 18 14
               3BB9   18 13 17 13
               3BBD   17 13 16 12
               3BC1   16 12 15 12
               3BC5   15 11 16 10
               3BC9   15 11 15 10
               3BCD   14 0F 14 0F
               3BD1   13 0F 13 0E
               3BD5   12 0E 12 0E
    387        3BD9   11 0E 11 0D          FCB $11,$e,$11,$d,$11,$c,$10,$c,$10,$c,$f,$b,$10,$b,$f,$b,$f,$a,$e,$9,$e,$9,$d,$9,$d,$9,$d,$8,$c,$8,$c,$8,$b,$7,$b,$6,$a,$7,$a,$6
               3BDD   11 0C 10 0C
               3BE1   10 0C 0F 0B
               3BE5   10 0B 0F 0B
               3BE9   0F 0A 0E 09
               3BED   0E 09 0D 09
               3BF1   0D 09 0D 08
               3BF5   0C 08 0C 08
               3BF9   0B 07 0B 06
               3BFD   0A 07 0A 06
    388        3C01                    LINE_MISSILE_CMD
    389        3C01   15 17 15 17          FCB $15,$17,$15,$17,$15,$17,$15,$17,$15,$17,$15,$17,$15,$17,$15,$17,$15,$17,$15,$17,$15,$17,$15,$17,$15,$17,$15,$17,$15,$17,$15,$17,$15,$17,$15,$17,$15,$17,$15,$17
               3C05   15 17 15 17
               3C09   15 17 15 17
               3C0D   15 17 15 17
               3C11   15 17 15 17
               3C15   15 17 15 17
               3C19   15 17 15 17
               3C1D   15 17 15 17
               3C21   15 17 15 17
               3C25   15 17 15 17
    390        3C29   15 17 15 17          FCB $15,$17,$15,$17,$15,$17,$15,$17,$15,$17,$15,$17,$15,$17,$15,$17,$15,$17,$15,$17,$15,$17,$15,$17,$15,$17,$15,$17,$15,$17,$15,$17,$15,$17,$15,$17,$15,$17,$15,$17
               3C2D   15 17 15 17
               3C31   15 17 15 17
               3C35   15 17 15 17
               3C39   15 17 15 17
               3C3D   15 17 15 17
               3C41   15 17 15 17
               3C45   15 17 15 17
               3C49   15 17 15 17
               3C4D   15 17 15 17
    391        3C51   15 17 15 17          FCB $15,$17,$15,$17,$15,$17,$15,$17,$15,$17,$15,$17,$15,$17,$15,$17,$15,$17,$15,$17,$17,$13,$17,$13,$17,$13,$17,$13,$17,$13,$17,$13,$17,$13,$17,$13,$17,$13,$17,$13
               3C55   15 17 15 17
               3C59   15 17 15 17
               3C5D   15 17 15 17
               3C61   15 17 15 17
               3C65   17 13 17 13
               3C69   17 13 17 13
               3C6D   17 13 17 13
               3C71   17 13 17 13
               3C75   17 13 17 13
    392        3C79   17 13 17 13          FCB $17,$13,$17,$13,$17,$13,$17,$13,$17,$13,$17,$13,$17,$13,$17,$13,$17,$13,$17,$13,$17,$13,$17,$13,$17,$13,$17,$13,$17,$13,$17,$13,$17,$13,$17,$13,$17,$13,$17,$13
               3C7D   17 13 17 13
               3C81   17 13 17 13
               3C85   17 13 17 13
               3C89   17 13 17 13
               3C8D   17 13 17 13
               3C91   17 13 17 13
               3C95   17 13 17 13
               3C99   17 13 17 13
               3C9D   17 13 17 13
    393        3CA1   17 13 17 13          FCB $17,$13,$17,$13,$17,$13,$17,$13,$17,$13,$17,$13,$17,$13,$17,$13,$17,$13,$17,$13,$17,$13,$17,$13,$17,$13,$17,$13,$17,$13,$17,$13,$17,$13,$17,$13,$17,$13,$17,$13
               3CA5   17 13 17 13
               3CA9   17 13 17 13
               3CAD   17 13 17 13
               3CB1   17 13 17 13
               3CB5   17 13 17 13
               3CB9   17 13 17 13
               3CBD   17 13 17 13
               3CC1   17 13 17 13
               3CC5   17 13 17 13
    394        3CC9   15 17 15 17          FCB $15,$17,$15,$17,$15,$17,$15,$17,$15,$17,$15,$17,$15,$17,$15,$17,$15,$17,$15,$17,$15,$17,$15,$17,$15,$17,$15,$17,$15,$17,$15,$17,$15,$17,$15,$17,$15,$17,$15,$17
               3CCD   15 17 15 17
               3CD1   15 17 15 17
               3CD5   15 17 15 17
               3CD9   15 17 15 17
               3CDD   15 17 15 17
               3CE1   15 17 15 17
               3CE5   15 17 15 17
               3CE9   15 17 15 17
               3CED   15 17 15 17
    395        3CF1   15 17 15 17          FCB $15,$17,$15,$17,$15,$17,$15,$17,$15,$17,$15,$17,$15,$17,$15,$17,$15,$17,$15,$17,$15,$17,$15,$17,$15,$17,$15,$17,$15,$17,$15,$17,$15,$17,$15,$17,$15,$17,$15,$17
               3CF5   15 17 15 17
               3CF9   15 17 15 17
               3CFD   15 17 15 17
               3D01   15 17 15 17
               3D05   15 17 15 17
               3D09   15 17 15 17
               3D0D   15 17 15 17
               3D11   15 17 15 17
               3D15   15 17 15 17
    396        3D19   15 17 15 17          FCB $15,$17,$15,$17,$15,$17,$15,$17,$15,$17,$15,$17,$15,$17,$15,$17,$15,$17,$15,$17,$15,$17,$15,$17,$15,$17,$15,$17,$15,$17,$15,$17,$15,$17,$15,$17,$15,$17,$15,$17
               3D1D   15 17 15 17
               3D21   15 17 15 17
               3D25   15 17 15 17
               3D29   15 17 15 17
               3D2D   15 17 15 17
               3D31   15 17 15 17
               3D35   15 17 15 17
               3D39   15 17 15 17
               3D3D   15 17 15 17
    397        3D41   15 17 15 17          FCB $15,$17,$15,$17,$15,$17,$15,$17,$15,$17,$15,$17,$15,$17,$15,$17,$15,$17,$15,$17,$15,$17,$15,$17,$15,$17,$15,$17,$15,$17,$15,$17,$15,$17,$15,$17,$15,$17,$15,$17
               3D45   15 17 15 17
               3D49   15 17 15 17
               3D4D   15 17 15 17
               3D51   15 17 15 17
               3D55   15 17 15 17
               3D59   15 17 15 17
               3D5D   15 17 15 17
               3D61   15 17 15 17
               3D65   15 17 15 17
    398        3D69   15 17 15 17          FCB $15,$17,$15,$17,$15,$17,$15,$17,$15,$17,$15,$17,$15,$17,$15,$17,$15,$17,$15,$17,$15,$17,$15,$17,$15,$17,$15,$17,$15,$17,$15,$17,$15,$17,$15,$17,$15,$17,$15,$17
               3D6D   15 17 15 17
               3D71   15 17 15 17
               3D75   15 17 15 17
               3D79   15 17 15 17
               3D7D   15 17 15 17
               3D81   15 17 15 17
               3D85   15 17 15 17
               3D89   15 17 15 17
               3D8D   15 17 15 17
    399        3D91   11 15 11 15          FCB $11,$15,$11,$15,$11,$15,$11,$15,$11,$15,$11,$15,$11,$15,$11,$15,$11,$15,$11,$15,$11,$15,$11,$15,$11,$15,$11,$15,$11,$15,$11,$15,$11,$15,$11,$15,$11,$15,$11,$15
               3D95   11 15 11 15
               3D99   11 15 11 15
               3D9D   11 15 11 15
               3DA1   11 15 11 15
               3DA5   11 15 11 15
               3DA9   11 15 11 15
               3DAD   11 15 11 15
               3DB1   11 15 11 15
               3DB5   11 15 11 15
    400        3DB9   11 15 11 15          FCB $11,$15,$11,$15,$11,$15,$11,$15,$11,$15,$11,$15,$11,$15,$11,$15,$11,$15,$11,$15,$11,$15,$11,$15,$11,$15,$11,$15,$11,$15,$11,$15,$11,$15,$11,$15,$11,$15,$11,$15
               3DBD   11 15 11 15
               3DC1   11 15 11 15
               3DC5   11 15 11 15
               3DC9   11 15 11 15
               3DCD   11 15 11 15
               3DD1   11 15 11 15
               3DD5   11 15 11 15
               3DD9   11 15 11 15
               3DDD   11 15 11 15
    401        3DE1   11 15 11 15          FCB $11,$15,$11,$15,$11,$15,$11,$15,$11,$15,$11,$15,$11,$15,$11,$15,$11,$15,$11,$15,$15,$17,$15,$17,$15,$17,$15,$17,$15,$17,$15,$17,$15,$17,$15,$17,$15,$17,$15,$17
               3DE5   11 15 11 15
               3DE9   11 15 11 15
               3DED   11 15 11 15
               3DF1   11 15 11 15
               3DF5   15 17 15 17
               3DF9   15 17 15 17
               3DFD   15 17 15 17
               3E01   15 17 15 17
               3E05   15 17 15 17
    402        3E09   15 17 15 17          FCB $15,$17,$15,$17,$15,$17,$15,$17,$15,$17,$15,$17,$15,$17,$15,$17,$15,$17,$15,$17,$15,$17,$15,$17,$15,$17,$15,$17,$15,$17,$15,$17,$15,$17,$15,$17,$15,$17,$15,$17
               3E0D   15 17 15 17
               3E11   15 17 15 17
               3E15   15 17 15 17
               3E19   15 17 15 17
               3E1D   15 17 15 17
               3E21   15 17 15 17
               3E25   15 17 15 17
               3E29   15 17 15 17
               3E2D   15 17 15 17
    403        3E31   15 17 15 17          FCB $15,$17,$15,$17,$15,$17,$15,$17,$15,$17,$15,$17,$15,$17,$15,$17,$15,$17,$15,$17,$15,$17,$15,$17,$15,$17,$15,$17,$15,$17,$15,$17,$15,$17,$15,$17,$15,$17,$15,$17
               3E35   15 17 15 17
               3E39   15 17 15 17
               3E3D   15 17 15 17
               3E41   15 17 15 17
               3E45   15 17 15 17
               3E49   15 17 15 17
               3E4D   15 17 15 17
               3E51   15 17 15 17
               3E55   15 17 15 17
    404        3E59   11 15 11 15          FCB $11,$15,$11,$15,$11,$15,$11,$15,$11,$15,$11,$15,$11,$15,$11,$15,$11,$15,$11,$15,$11,$15,$11,$15,$11,$15,$11,$15,$11,$15,$11,$15,$11,$15,$11,$15,$11,$15,$11,$15
               3E5D   11 15 11 15
               3E61   11 15 11 15
               3E65   11 15 11 15
               3E69   11 15 11 15
               3E6D   11 15 11 15
               3E71   11 15 11 15
               3E75   11 15 11 15
               3E79   11 15 11 15
               3E7D   11 15 11 15
    405        3E81   11 15 11 15          FCB $11,$15,$11,$15,$11,$15,$11,$15,$11,$15,$11,$15,$11,$15,$11,$15,$11,$15,$11,$15,$11,$15,$11,$15,$11,$15,$11,$15,$11,$15,$11,$15,$11,$15,$11,$15,$11,$15,$11,$15
               3E85   11 15 11 15
               3E89   11 15 11 15
               3E8D   11 15 11 15
               3E91   11 15 11 15
               3E95   11 15 11 15
               3E99   11 15 11 15
               3E9D   11 15 11 15
               3EA1   11 15 11 15
               3EA5   11 15 11 15
    406        3EA9   11 15 11 15          FCB $11,$15,$11,$15,$11,$15,$11,$15,$11,$15,$11,$15,$11,$15,$11,$15,$11,$15,$11,$15,$11,$15,$11,$15,$11,$15,$11,$15,$11,$15,$11,$15,$11,$15,$11,$15,$11,$15,$11,$15
               3EAD   11 15 11 15
               3EB1   11 15 11 15
               3EB5   11 15 11 15
               3EB9   11 15 11 15
               3EBD   11 15 11 15
               3EC1   11 15 11 15
               3EC5   11 15 11 15
               3EC9   11 15 11 15
               3ECD   11 15 11 15
    407        3ED1   11 15 11 15          FCB $11,$15,$11,$15,$11,$15,$11,$15,$11,$15,$11,$15,$11,$15,$11,$15,$11,$15,$11,$15,$11,$15,$11,$15,$11,$15,$11,$15,$11,$15,$11,$15,$11,$15,$11,$15,$11,$15,$11,$15
               3ED5   11 15 11 15
               3ED9   11 15 11 15
               3EDD   11 15 11 15
               3EE1   11 15 11 15
               3EE5   11 15 11 15
               3EE9   11 15 11 15
               3EED   11 15 11 15
               3EF1   11 15 11 15
               3EF5   11 15 11 15
    408        3EF9   11 15 11 15          FCB $11,$15,$11,$15,$11,$15,$11,$15,$11,$15,$11,$15,$11,$15,$11,$15,$11,$15,$11,$15,$11,$15,$11,$15,$11,$15,$11,$15,$11,$15,$11,$15,$11,$15,$11,$15,$11,$15,$11,$15
               3EFD   11 15 11 15
               3F01   11 15 11 15
               3F05   11 15 11 15
               3F09   11 15 11 15
               3F0D   11 15 11 15
               3F11   11 15 11 15
               3F15   11 15 11 15
               3F19   11 15 11 15
               3F1D   11 15 11 15
    409        3F21   13 11 13 11          FCB $13,$11,$13,$11,$13,$11,$13,$11,$13,$11,$13,$11,$13,$11,$13,$11,$13,$11,$13,$11,$13,$11,$13,$11,$13,$11,$13,$11,$13,$11,$13,$11,$13,$11,$13,$11,$13,$11,$13,$11
               3F25   13 11 13 11
               3F29   13 11 13 11
               3F2D   13 11 13 11
               3F31   13 11 13 11
               3F35   13 11 13 11
               3F39   13 11 13 11
               3F3D   13 11 13 11
               3F41   13 11 13 11
               3F45   13 11 13 11
    410        3F49   13 11 13 11          FCB $13,$11,$13,$11,$13,$11,$13,$11,$13,$11,$13,$11,$13,$11,$13,$11,$13,$11,$13,$11,$13,$11,$13,$11,$13,$11,$13,$11,$13,$11,$13,$11,$13,$11,$13,$11,$13,$11,$13,$11
               3F4D   13 11 13 11
               3F51   13 11 13 11
               3F55   13 11 13 11
               3F59   13 11 13 11
               3F5D   13 11 13 11
               3F61   13 11 13 11
               3F65   13 11 13 11
               3F69   13 11 13 11
               3F6D   13 11 13 11
    411        3F71   13 11 13 11          FCB $13,$11,$13,$11,$13,$11,$13,$11,$13,$11,$13,$11,$13,$11,$13,$11,$13,$11,$13,$11,$11,$15,$11,$15,$11,$15,$11,$15,$11,$15,$11,$15,$11,$15,$11,$15,$11,$15,$11,$15
               3F75   13 11 13 11
               3F79   13 11 13 11
               3F7D   13 11 13 11
               3F81   13 11 13 11
               3F85   11 15 11 15
               3F89   11 15 11 15
               3F8D   11 15 11 15
               3F91   11 15 11 15
               3F95   11 15 11 15
    412        3F99   11 15 11 15          FCB $11,$15,$11,$15,$11,$15,$11,$15,$11,$15,$11,$15,$11,$15,$11,$15,$11,$15,$11,$15,$11,$15,$11,$15,$11,$15,$11,$15,$11,$15,$11,$15,$11,$15,$11,$15,$11,$15,$11,$15
               3F9D   11 15 11 15
               3FA1   11 15 11 15
               3FA5   11 15 11 15
               3FA9   11 15 11 15
               3FAD   11 15 11 15
               3FB1   11 15 11 15
               3FB5   11 15 11 15
               3FB9   11 15 11 15
               3FBD   11 15 11 15
    413        3FC1   11 15 11 15          FCB $11,$15,$11,$15,$11,$15,$11,$15,$11,$15,$11,$15,$11,$15,$11,$15,$11,$15,$11,$15,$11,$15,$11,$15,$11,$15,$11,$15,$11,$15,$11,$15,$11,$15,$11,$15,$11,$15,$11,$15
               3FC5   11 15 11 15
               3FC9   11 15 11 15
               3FCD   11 15 11 15
               3FD1   11 15 11 15
               3FD5   11 15 11 15
               3FD9   11 15 11 15
               3FDD   11 15 11 15
               3FE1   11 15 11 15
               3FE5   11 15 11 15
    414        3FE9   13 11 13 11          FCB $13,$11,$13,$11,$13,$11,$13,$11,$13,$11,$13,$11,$13,$11,$13,$11,$13,$11,$13,$11,$13,$11,$13,$11,$13,$11,$13,$11,$13,$11,$13,$11,$13,$11,$13,$11,$13,$11,$13,$11
               3FED   13 11 13 11
               3FF1   13 11 13 11
               3FF5   13 11 13 11
               3FF9   13 11 13 11
               3FFD   13 11 13 11
               4001   13 11 13 11
               4005   13 11 13 11
               4009   13 11 13 11
               400D   13 11 13 11
    415        4011   13 11 13 11          FCB $13,$11,$13,$11,$13,$11,$13,$11,$13,$11,$13,$11,$13,$11,$13,$11,$13,$11,$13,$11,$13,$11,$13,$11,$13,$11,$13,$11,$13,$11,$13,$11,$13,$11,$13,$11,$13,$11,$13,$11
               4015   13 11 13 11
               4019   13 11 13 11
               401D   13 11 13 11
               4021   13 11 13 11
               4025   13 11 13 11
               4029   13 11 13 11
               402D   13 11 13 11
               4031   13 11 13 11
               4035   13 11 13 11
    416        4039   13 11 13 11          FCB $13,$11,$13,$11,$13,$11,$13,$11,$13,$11,$13,$11,$13,$11,$13,$11,$13,$11,$13,$11,$13,$11,$13,$11,$13,$11,$13,$11,$13,$11,$13,$11,$13,$11,$13,$11,$13,$11,$13,$11
               403D   13 11 13 11
               4041   13 11 13 11
               4045   13 11 13 11
               4049   13 11 13 11
               404D   13 11 13 11
               4051   13 11 13 11
               4055   13 11 13 11
               4059   13 11 13 11
               405D   13 11 13 11
    417        4061   13 11 13 11          FCB $13,$11,$13,$11,$13,$11,$13,$11,$13,$11,$13,$11,$13,$11,$13,$11,$13,$11,$13,$11,$13,$11,$13,$11,$13,$11,$13,$11,$13,$11,$13,$11,$13,$11,$13,$11,$13,$11,$13,$11
               4065   13 11 13 11
               4069   13 11 13 11
               406D   13 11 13 11
               4071   13 11 13 11
               4075   13 11 13 11
               4079   13 11 13 11
               407D   13 11 13 11
               4081   13 11 13 11
               4085   13 11 13 11
    418        4089   13 11 13 11          FCB $13,$11,$13,$11,$13,$11,$13,$11,$13,$11,$13,$11,$13,$11,$13,$11,$13,$11,$13,$11,$13,$11,$13,$11,$13,$11,$13,$11,$13,$11,$13,$11,$13,$11,$13,$11,$13,$11,$13,$11
               408D   13 11 13 11
               4091   13 11 13 11
               4095   13 11 13 11
               4099   13 11 13 11
               409D   13 11 13 11
               40A1   13 11 13 11
               40A5   13 11 13 11
               40A9   13 11 13 11
               40AD   13 11 13 11
    419        40B1   17 13 17 13          FCB $17,$13,$17,$13,$17,$13,$17,$13,$17,$13,$17,$13,$17,$13,$17,$13,$17,$13,$17,$13,$17,$13,$17,$13,$17,$13,$17,$13,$17,$13,$17,$13,$17,$13,$17,$13,$17,$13,$17,$13
               40B5   17 13 17 13
               40B9   17 13 17 13
               40BD   17 13 17 13
               40C1   17 13 17 13
               40C5   17 13 17 13
               40C9   17 13 17 13
               40CD   17 13 17 13
               40D1   17 13 17 13
               40D5   17 13 17 13
    420        40D9   17 13 17 13          FCB $17,$13,$17,$13,$17,$13,$17,$13,$17,$13,$17,$13,$17,$13,$17,$13,$17,$13,$17,$13,$17,$13,$17,$13,$17,$13,$17,$13,$17,$13,$17,$13,$17,$13,$17,$13,$17,$13,$17,$13
               40DD   17 13 17 13
               40E1   17 13 17 13
               40E5   17 13 17 13
               40E9   17 13 17 13
               40ED   17 13 17 13
               40F1   17 13 17 13
               40F5   17 13 17 13
               40F9   17 13 17 13
               40FD   17 13 17 13
    421        4101   17 13 17 13          FCB $17,$13,$17,$13,$17,$13,$17,$13,$17,$13,$17,$13,$17,$13,$17,$13,$17,$13,$17,$13,$13,$11,$13,$11,$13,$11,$13,$11,$13,$11,$13,$11,$13,$11,$13,$11,$13,$11,$13,$11
               4105   17 13 17 13
               4109   17 13 17 13
               410D   17 13 17 13
               4111   17 13 17 13
               4115   13 11 13 11
               4119   13 11 13 11
               411D   13 11 13 11
               4121   13 11 13 11
               4125   13 11 13 11
    422        4129   13 11 13 11          FCB $13,$11,$13,$11,$13,$11,$13,$11,$13,$11,$13,$11,$13,$11,$13,$11,$13,$11,$13,$11,$13,$11,$13,$11,$13,$11,$13,$11,$13,$11,$13,$11,$13,$11,$13,$11,$13,$11,$13,$11
               412D   13 11 13 11
               4131   13 11 13 11
               4135   13 11 13 11
               4139   13 11 13 11
               413D   13 11 13 11
               4141   13 11 13 11
               4145   13 11 13 11
               4149   13 11 13 11
               414D   13 11 13 11
    423        4151   13 11 13 11          FCB $13,$11,$13,$11,$13,$11,$13,$11,$13,$11,$13,$11,$13,$11,$13,$11,$13,$11,$13,$11,$13,$11,$13,$11,$13,$11,$13,$11,$13,$11,$13,$11,$13,$11,$13,$11,$13,$11,$13,$11
               4155   13 11 13 11
               4159   13 11 13 11
               415D   13 11 13 11
               4161   13 11 13 11
               4165   13 11 13 11
               4169   13 11 13 11
               416D   13 11 13 11
               4171   13 11 13 11
               4175   13 11 13 11
    424        4179   17 13 17 13          FCB $17,$13,$17,$13,$17,$13,$17,$13,$17,$13,$17,$13,$17,$13,$17,$13,$17,$13,$17,$13,$17,$13,$17,$13,$17,$13,$17,$13,$17,$13,$17,$13,$17,$13,$17,$13,$17,$13,$17,$13
               417D   17 13 17 13
               4181   17 13 17 13
               4185   17 13 17 13
               4189   17 13 17 13
               418D   17 13 17 13
               4191   17 13 17 13
               4195   17 13 17 13
               4199   17 13 17 13
               419D   17 13 17 13
    425        41A1   17 13 17 13          FCB $17,$13,$17,$13,$17,$13,$17,$13,$17,$13,$17,$13,$17,$13,$17,$13,$17,$13,$17,$13,$17,$13,$17,$13,$17,$13,$17,$13,$17,$13,$17,$13,$17,$13,$17,$13,$17,$13,$17,$13
               41A5   17 13 17 13
               41A9   17 13 17 13
               41AD   17 13 17 13
               41B1   17 13 17 13
               41B5   17 13 17 13
               41B9   17 13 17 13
               41BD   17 13 17 13
               41C1   17 13 17 13
               41C5   17 13 17 13
    426        41C9   17 13 17 13          FCB $17,$13,$17,$13,$17,$13,$17,$13,$17,$13,$17,$13,$17,$13,$17,$13,$17,$13,$17,$13,$17,$13,$17,$13,$17,$13,$17,$13,$17,$13,$17,$13,$17,$13,$17,$13,$17,$13,$17,$13
               41CD   17 13 17 13
               41D1   17 13 17 13
               41D5   17 13 17 13
               41D9   17 13 17 13
               41DD   17 13 17 13
               41E1   17 13 17 13
               41E5   17 13 17 13
               41E9   17 13 17 13
               41ED   17 13 17 13
    427        41F1   17 13 17 13          FCB $17,$13,$17,$13,$17,$13,$17,$13,$17,$13,$17,$13,$17,$13,$17,$13,$17,$13,$17,$13,$17,$13,$17,$13,$17,$13,$17,$13,$17,$13,$17,$13,$17,$13,$17,$13,$17,$13,$17,$13
               41F5   17 13 17 13
               41F9   17 13 17 13
               41FD   17 13 17 13
               4201   17 13 17 13
               4205   17 13 17 13
               4209   17 13 17 13
               420D   17 13 17 13
               4211   17 13 17 13
               4215   17 13 17 13
    428        4219   17 13 17 13          FCB $17,$13,$17,$13,$17,$13,$17,$13,$17,$13,$17,$13,$17,$13,$17,$13,$17,$13,$17,$13,$17,$13,$17,$13,$17,$13,$17,$13,$17,$13,$17,$13,$17,$13,$17,$13,$17,$13,$17,$13
               421D   17 13 17 13
               4221   17 13 17 13
               4225   17 13 17 13
               4229   17 13 17 13
               422D   17 13 17 13
               4231   17 13 17 13
               4235   17 13 17 13
               4239   17 13 17 13
               423D   17 13 17 13
               ----------------------------------------------------------------

